UserID,Gender
1,2
2,2
3,2
4,1
5,3
6,2
7,2
8,2
9,1
10,2
11,3
12,1
13,3
14,2
15,3
16,1
17,1
18,2
19,1
20,1
21,2
22,2
23,2
24,2
25,2
26,1
27,2
28,2
29,2
30,2
31,1
32,2
33,2
34,2
35,2
36,2
37,2
38,2
39,2
40,2
41,2
42,1
43,3
44,1
45,2
46,2
47,2
48,1
49,2
50,2
51,2
52,2
53,2
54,2
55,1
56,2
57,2
58,2
59,1
60,2
61,2
62,1
63,2
64,2
65,2
66,3
67,1
68,1
69,1
70,2
71,1
72,2
73,2
74,2
75,2
76,1
77,1
78,2
79,1
80,1
81,2
82,2
83,2
84,3
85,1
86,1
87,2
88,2
89,2
90,1
91,2
92,1
93,2
94,1
95,1
96,2
97,2
98,2
99,2
100,2
101,2
102,2
103,2
104,2
105,1
106,2
107,2
108,2
109,2
110,1
111,2
112,1
113,2
114,3
115,2
116,1
117,2
118,3
119,2
120,3
121,2
122,2
123,1
124,2
125,2
126,2
127,1
128,1
129,3
130,2
131,2
132,2
133,1
134,1
135,2
136,2
137,2
138,3
139,1
140,2
141,1
142,1
143,2
144,1
145,2
146,2
147,2
148,1
149,1
150,2
151,2
152,1
153,2
154,2
155,2
156,2
157,1
158,2
159,2
160,3
161,2
162,2
163,1
164,1
165,2
166,2
167,1
168,1
169,2
170,1
171,1
172,1
173,2
174,2
175,2
176,2
177,1
178,2
179,2
180,2
181,2
182,2
183,2
184,2
185,2
186,2
187,3
188,2
189,2
190,2
191,2
192,2
193,2
194,1
195,2
196,3
197,2
198,1
199,2
200,2
201,2
202,3
203,2
204,1
205,1
206,2
207,3
208,2
209,2
210,1
211,2
212,2
213,1
214,2
215,2
216,1
217,3
218,3
219,1
220,2
221,1
222,2
223,2
224,2
225,2
226,2
227,2
228,2
229,3
230,2
231,2
232,1
233,2
234,2
235,2
236,2
237,2
238,1
239,3
240,3
241,1
242,2
243,3
244,2
245,2
246,2
247,1
248,2
249,2
250,1
251,2
252,2
253,1
254,1
255,2
256,2
257,2
258,2
259,1
260,2
261,2
262,2
263,3
264,3
265,2
266,2
267,3
268,2
269,2
270,2
271,2
272,2
273,1
274,2
275,2
276,2
277,2
278,2
279,2
280,2
281,2
282,1
283,2
284,2
285,2
286,2
287,2
288,1
289,1
290,3
291,1
292,2
293,2
294,2
295,2
296,2
297,2
298,2
299,2
300,1
301,2
302,1
303,1
304,2
305,1
306,2
307,2
308,1
309,2
310,1
311,1
312,2
313,2
314,1
315,2
316,2
317,1
318,1
319,2
320,2
321,2
322,1
323,2
324,2
325,2
326,1
327,1
328,2
329,1
330,1
331,2
332,1
333,2
334,2
335,3
336,2
337,2
338,1
339,1
340,3
341,3
342,2
343,2
344,2
345,2
346,2
347,2
348,1
349,2
350,1
351,2
352,2
353,1
354,1
355,3
356,1
357,2
358,2
359,2
360,2
361,2
362,2
363,1
364,2
365,2
366,1
367,2
368,2
369,1
370,2
371,1
372,1
373,2
374,2
375,2
376,1
377,1
378,3
379,2
380,2
381,1
382,2
383,2
384,2
385,1
386,2
387,2
388,2
389,2
390,2
391,2
392,2
393,2
394,3
395,2
396,2
397,1
398,3
399,2
400,2
401,2
402,2
403,1
404,2
405,1
406,1
407,1
408,2
409,2
410,2
411,2
412,2
413,2
414,2
415,1
416,1
417,1
418,2
419,3
420,1
421,3
422,2
423,2
424,1
425,2
426,2
427,2
428,3
429,2
430,1
431,1
432,2
433,3
434,1
435,1
436,1
437,3
438,2
439,2
440,3
441,2
442,1
443,1
444,2
445,3
446,1
447,2
448,1
449,2
450,1
451,2
452,2
453,2
454,2
455,2
456,2
457,2
458,2
459,2
460,1
461,2
462,2
463,2
464,2
465,1
466,2
467,2
468,2
469,1
470,1
471,2
472,2
473,2
474,1
475,2
476,1
477,2
478,1
479,2
480,1
481,1
482,1
483,2
484,3
485,2
486,2
487,2
488,1
489,3
490,2
491,1
492,2
493,2
494,2
495,2
496,2
497,1
498,1
499,1
500,2
501,2
502,2
503,1
504,1
505,2
506,1
507,1
508,2
509,2
510,1
511,2
512,2
513,2
514,2
515,2
516,2
517,2
518,3
519,1
520,2
521,3
522,2
523,1
524,2
525,2
526,2
527,2
528,1
529,2
530,2
531,2
532,2
533,3
534,3
535,2
536,2
537,1
538,2
539,2
540,2
541,2
542,1
543,1
544,2
545,1
546,1
547,2
548,2
549,2
550,2
551,2
552,2
553,2
554,2
555,2
556,2
557,2
558,2
559,2
560,2
561,2
562,2
563,2
564,2
565,1
566,2
567,2
568,2
569,2
570,2
571,1
572,2
573,2
574,2
575,2
576,2
577,1
578,2
579,2
580,2
581,2
582,2
583,2
584,1
585,2
586,2
587,2
588,2
589,2
590,2
591,2
592,2
593,2
594,2
595,2
596,2
597,2
598,1
599,3
600,2
601,2
602,3
603,2
604,3
605,3
606,2
607,2
608,2
609,2
610,2
611,2
612,1
613,1
614,1
615,2
616,2
617,2
618,2
619,1
620,3
621,2
622,3
623,2
624,2
625,2
626,1
627,2
628,2
629,2
630,1
631,1
632,1
633,2
634,2
635,2
636,3
637,2
638,2
639,2
640,2
641,1
642,2
643,2
644,1
645,2
646,1
647,1
648,2
649,2
650,2
651,2
652,2
653,2
654,2
655,2
656,2
657,1
658,2
659,2
660,2
661,2
662,2
663,2
664,2
665,2
666,2
667,3
668,2
669,2
670,2
671,2
672,1
673,2
674,2
675,2
676,2
677,2
678,2
679,2
680,2
681,2
682,2
683,2
684,1
685,2
686,1
687,1
688,2
689,3
690,2
691,1
692,2
693,2
694,1
695,1
696,2
697,3
698,1
699,2
700,1
701,2
702,2
703,2
704,1
705,1
706,2
707,3
708,2
709,2
710,2
711,2
712,1
713,1
714,1
715,2
716,2
717,1
718,2
719,1
720,1
721,2
722,2
723,2
724,2
725,1
726,2
727,1
728,1
729,2
730,1
731,2
732,1
733,2
734,2
735,2
736,2
737,2
738,1
739,2
740,2
741,2
742,1
743,2
744,2
745,2
746,2
747,2
748,2
749,1
750,2
751,2
752,2
753,1
754,1
755,2
756,2
757,2
758,2
759,2
760,2
761,2
762,1
763,1
764,2
765,2
766,1
767,2
768,2
769,2
770,2
771,2
772,2
773,2
774,1
775,2
776,2
777,1
778,2
779,1
780,1
781,2
782,2
783,2
784,3
785,2
786,1
787,1
788,2
789,1
790,2
791,2
792,3
793,2
794,2
795,3
796,1
797,1
798,2
799,2
800,2
801,2
802,2
803,2
804,1
805,3
806,2
807,1
808,2
809,2
810,3
811,2
812,1
813,2
814,2
815,2
816,1
817,2
818,2
819,2
820,1
821,2
822,2
823,2
824,2
825,2
826,2
827,2
828,2
829,2
830,2
831,1
832,2
833,2
834,2
835,2
836,3
837,2
838,2
839,3
840,2
841,2
842,1
843,1
844,1
845,2
846,2
847,2
848,2
849,2
850,2
851,2
852,3
853,1
854,2
855,3
856,2
857,2
858,2
859,2
860,3
861,1
862,1
863,2
864,1
865,2
866,3
867,2
868,2
869,1
870,2
871,2
872,1
873,3
874,2
875,1
876,2
877,2
878,1
879,2
880,2
881,2
882,1
883,2
884,2
885,2
886,2
887,2
888,2
889,2
890,2
891,2
892,2
893,2
894,1
895,3
896,2
897,2
898,2
899,3
900,2
901,1
902,3
903,1
904,2
905,2
906,2
907,2
908,2
909,3
910,2
911,2
912,3
913,2
914,2
915,3
916,2
917,3
918,1
919,1
920,2
921,2
922,1
923,2
924,2
925,1
926,2
927,1
928,2
929,2
930,2
931,1
932,2
933,2
934,2
935,2
936,1
937,2
938,2
939,2
940,2
941,2
942,2
943,2
944,2
945,2
946,2
947,2
948,2
949,2
950,2
951,2
952,2
953,2
954,2
955,3
956,2
957,3
958,1
959,2
960,2
961,2
962,2
963,2
964,1
965,2
966,2
967,2
968,1
969,2
970,2
971,2
972,3
973,1
974,2
975,2
976,2
977,2
978,2
979,2
980,3
981,3
982,2
983,2
984,2
985,3
986,2
987,1
988,2
989,3
990,1
991,1
992,2
993,2
994,2
995,1
996,1
997,1
998,2
999,2
1000,2
1001,2
1002,2
1003,2
1004,2
1005,1
1006,2
1007,2
1008,2
1009,1
1010,2
1011,3
1012,1
1013,2
1014,1
1015,3
1016,2
1017,1
1018,1
1019,2
1020,3
1021,2
1022,2
1023,2
1024,2
1025,2
1026,2
1027,2
1028,2
1029,2
1030,2
1031,2
1032,1
1033,2
1034,2
1035,2
1036,2
1037,2
1038,1
1039,2
1040,1
1041,2
1042,2
1043,2
1044,2
1045,2
1046,2
1047,3
1048,2
1049,2
1050,2
1051,2
1052,2
1053,2
1054,2
1055,1
1056,3
1057,1
1058,2
1059,1
1060,2
1061,2
1062,1
1063,1
1064,2
1065,2
1066,2
1067,3
1068,2
1069,2
1070,1
1071,2
1072,2
1073,1
1074,2
1075,2
1076,1
1077,2
1078,1
1079,2
1080,1
1081,2
1082,2
1083,2
1084,2
1085,1
1086,2
1087,3
1088,1
1089,3
1090,2
1091,2
1092,1
1093,2
1094,2
1095,2
1096,3
1097,2
1098,2
1099,1
1100,2
1101,1
1102,1
1103,2
1104,2
1105,3
1106,1
1107,2
1108,1
1109,2
1110,2
1111,2
1112,1
1113,2
1114,2
1115,2
1116,1
1117,2
1118,2
1119,2
1120,2
1121,2
1122,2
1123,2
1124,2
1125,2
1126,1
1127,2
1128,1
1129,2
1130,2
1131,3
1132,2
1133,2
1134,2
1135,2
1136,2
1137,2
1138,2
1139,1
1140,2
1141,2
1142,2
1143,2
1144,2
1145,1
1146,1
1147,2
1148,1
1149,2
1150,2
1151,2
1152,1
1153,2
1154,2
1155,2
1156,2
1157,1
1158,1
1159,2
1160,2
1161,2
1162,2
1163,2
1164,1
1165,1
1166,2
1167,2
1168,2
1169,2
1170,2
1171,2
1172,1
1173,2
1174,2
1175,2
1176,1
1177,2
1178,2
1179,3
1180,2
1181,1
1182,1
1183,2
1184,1
1185,2
1186,2
1187,3
1188,2
1189,2
1190,3
1191,2
1192,1
1193,2
1194,1
1195,1
1196,2
1197,2
1198,3
1199,2
1200,1
1201,2
1202,2
1203,2
1204,1
1205,2
1206,2
1207,1
1208,2
1209,3
1210,3
1211,2
1212,2
1213,2
1214,2
1215,1
1216,2
1217,2
1218,2
1219,1
1220,2
1221,1
1222,2
1223,2
1224,3
1225,1
1226,2
1227,2
1228,2
1229,1
1230,2
1231,2
1232,2
1233,2
1234,2
1235,3
1236,2
1237,2
1238,1
1239,2
1240,2
1241,2
1242,2
1243,2
1244,2
1245,2
1246,1
1247,2
1248,2
1249,2
1250,1
1251,2
1252,2
1253,2
1254,2
1255,2
1256,2
1257,3
1258,1
1259,2
1260,2
1261,1
1262,1
1263,2
1264,2
1265,3
1266,3
1267,2
1268,1
1269,2
1270,1
1271,1
1272,2
1273,3
1274,2
1275,2
1276,1
1277,2
1278,2
1279,2
1280,1
1281,2
1282,2
1283,2
1284,2
1285,1
1286,3
1287,2
1288,2
1289,2
1290,2
1291,2
1292,1
1293,2
1294,2
1295,2
1296,3
1297,1
1298,1
1299,2
1300,1
1301,2
1302,1
1303,2
1304,3
1305,1
1306,2
1307,2
1308,2
1309,2
1310,3
1311,2
1312,2
1313,2
1314,2
1315,2
1316,2
1317,1
1318,3
1319,2
1320,2
1321,2
1322,2
1323,2
1324,2
1325,1
1326,1
1327,1
1328,1
1329,1
1330,2
1331,2
1332,3
1333,1
1334,3
1335,2
1336,2
1337,1
1338,2
1339,1
1340,3
1341,2
1342,2
1343,2
1344,2
1345,2
1346,3
1347,2
1348,3
1349,2
1350,1
1351,3
1352,3
1353,1
1354,1
1355,1
1356,1
1357,2
1358,1
1359,2
1360,2
1361,2
1362,1
1363,2
1364,2
1365,2
1366,1
1367,2
1368,3
1369,2
1370,2
1371,2
1372,1
1373,2
1374,2
1375,2
1376,2
1377,2
1378,2
1379,2
1380,2
1381,2
1382,2
1383,1
1384,1
1385,3
1386,1
1387,2
1388,2
1389,2
1390,3
1391,2
1392,2
1393,2
1394,1
1395,2
1396,3
1397,2
1398,3
1399,2
1400,2
1401,1
1402,2
1403,3
1404,2
1405,2
1406,1
1407,2
1408,2
1409,1
1410,2
1411,2
1412,2
1413,1
1414,3
1415,2
1416,2
1417,2
1418,1
1419,1
1420,2
1421,2
1422,1
1423,2
1424,2
1425,1
1426,2
1427,2
1428,3
1429,3
1430,1
1431,1
1432,2
1433,2
1434,2
1435,2
1436,2
1437,2
1438,2
1439,2
1440,2
1441,2
1442,2
1443,2
1444,1
1445,2
1446,3
1447,2
1448,1
1449,2
1450,1
1451,2
1452,1
1453,2
1454,1
1455,2
1456,3
1457,2
1458,2
1459,1
1460,2
1461,2
1462,2
1463,2
1464,2
1465,2
1466,2
1467,2
1468,2
1469,2
1470,2
1471,3
1472,2
1473,2
1474,3
1475,2
1476,2
1477,3
1478,3
1479,2
1480,2
1481,2
1482,2
1483,1
1484,2
1485,2
1486,3
1487,2
1488,2
1489,2
1490,3
1491,2
1492,2
1493,2
1494,2
1495,1
1496,2
1497,1
1498,1
1499,1
1500,2
1501,1
1502,2
1503,2
1504,2
1505,2
1506,3
1507,3
1508,1
1509,1
1510,3
1511,2
1512,2
1513,2
1514,1
1515,1
1516,2
1517,2
1518,2
1519,2
1520,2
1521,2
1522,1
1523,1
1524,2
1525,2
1526,2
1527,1
1528,1
1529,1
1530,2
1531,2
1532,2
1533,1
1534,2
1535,2
1536,2
1537,1
1538,2
1539,2
1540,2
1541,2
1542,2
1543,2
1544,2
1545,2
1546,1
1547,3
1548,2
1549,2
1550,2
1551,1
1552,2
1553,2
1554,2
1555,2
1556,1
1557,2
1558,2
1559,2
1560,2
1561,2
1562,1
1563,1
1564,2
1565,2
1566,2
1567,2
1568,2
1569,2
1570,2
1571,3
1572,1
1573,2
1574,1
1575,3
1576,1
1577,2
1578,1
1579,2
1580,2
1581,2
1582,1
1583,1
1584,1
1585,2
1586,3
1587,2
1588,2
1589,2
1590,1
1591,1
1592,1
1593,3
1594,2
1595,2
1596,2
1597,1
1598,2
1599,2
1600,1
1601,2
1602,3
1603,2
1604,1
1605,2
1606,2
1607,2
1608,1
1609,2
1610,2
1611,2
1612,2
1613,1
1614,2
1615,2
1616,1
1617,1
1618,2
1619,2
1620,2
1621,2
1622,1
1623,2
1624,2
1625,3
1626,2
1627,1
1628,3
1629,1
1630,2
1631,3
1632,2
1633,2
1634,1
1635,1
1636,1
1637,1
1638,2
1639,2
1640,2
1641,1
1642,2
1643,2
1644,2
1645,2
1646,2
1647,1
1648,2
1649,2
1650,2
1651,1
1652,2
1653,2
1654,2
1655,1
1656,3
1657,1
1658,2
1659,1
1660,1
1661,2
1662,2
1663,2
1664,2
1665,1
1666,3
1667,3
1668,2
1669,1
1670,3
1671,3
1672,3
1673,2
1674,2
1675,2
1676,1
1677,2
1678,2
1679,2
1680,2
1681,2
1682,2
1683,2
1684,1
1685,2
1686,2
1687,2
1688,3
1689,1
1690,2
1691,1
1692,2
1693,3
1694,3
1695,2
1696,1
1697,2
1698,2
1699,3
1700,2
1701,2
1702,1
1703,2
1704,1
1705,2
1706,1
1707,1
1708,2
1709,2
1710,1
1711,2
1712,2
1713,2
1714,3
1715,2
1716,1
1717,2
1718,1
1719,2
1720,1
1721,1
1722,2
1723,2
1724,2
1725,2
1726,3
1727,2
1728,2
1729,1
1730,2
1731,2
1732,2
1733,2
1734,2
1735,2
1736,2
1737,3
1738,2
1739,2
1740,2
1741,1
1742,2
1743,2
1744,3
1745,2
1746,2
1747,2
1748,2
1749,2
1750,2
1751,2
1752,2
1753,1
1754,2
1755,2
1756,2
1757,2
1758,2
1759,2
1760,1
1761,2
1762,2
1763,2
1764,2
1765,1
1766,2
1767,2
1768,2
1769,2
1770,2
1771,2
1772,1
1773,2
1774,2
1775,2
1776,2
1777,2
1778,2
1779,2
1780,2
1781,3
1782,1
1783,2
1784,1
1785,2
1786,2
1787,2
1788,2
1789,2
1790,3
1791,1
1792,1
1793,2
1794,2
1795,3
1796,3
1797,1
1798,3
1799,2
1800,2
1801,2
1802,3
1803,2
1804,2
1805,2
1806,2
1807,2
1808,2
1809,2
1810,3
1811,2
1812,2
1813,2
1814,2
1815,1
1816,3
1817,1
1818,2
1819,2
1820,1
1821,1
1822,2
1823,1
1824,2
1825,2
1826,3
1827,2
1828,2
1829,2
1830,2
1831,2
1832,2
1833,1
1834,3
1835,2
1836,2
1837,3
1838,1
1839,2
1840,1
1841,3
1842,2
1843,2
1844,2
1845,1
1846,1
1847,2
1848,1
1849,2
1850,2
1851,2
1852,1
1853,3
1854,2
1855,2
1856,2
1857,2
1858,2
1859,2
1860,2
1861,2
1862,1
1863,3
1864,1
1865,3
1866,2
1867,3
1868,1
1869,1
1870,2
1871,1
1872,2
1873,1
1874,2
1875,2
1876,2
1877,2
1878,2
1879,2
1880,2
1881,2
1882,1
1883,2
1884,2
1885,2
1886,2
1887,2
1888,2
1889,1
1890,1
1891,2
1892,1
1893,2
1894,2
1895,3
1896,2
1897,2
1898,2
1899,1
1900,2
1901,2
1902,2
1903,2
1904,2
1905,2
1906,2
1907,2
1908,2
1909,2
1910,2
1911,2
1912,1
1913,2
1914,2
1915,1
1916,2
1917,1
1918,2
1919,2
1920,2
1921,2
1922,2
1923,2
1924,1
1925,2
1926,2
1927,3
1928,2
1929,2
1930,2
1931,2
1932,1
1933,2
1934,2
1935,2
1936,2
1937,2
1938,2
1939,2
1940,2
1941,1
1942,3
1943,2
1944,3
1945,2
1946,2
1947,2
1948,2
1949,1
1950,2
1951,2
1952,1
1953,2
1954,1
1955,2
1956,1
1957,2
1958,1
1959,2
1960,2
1961,2
1962,2
1963,3
1964,2
1965,3
1966,2
1967,1
1968,1
1969,2
1970,1
1971,1
1972,3
1973,3
1974,2
1975,1
1976,2
1977,2
1978,2
1979,2
1980,2
1981,2
1982,2
1983,2
1984,2
1985,2
1986,3
1987,2
1988,3
1989,1
1990,2
1991,2
1992,2
1993,2
1994,2
1995,3
1996,2
1997,1
1998,2
1999,2
2000,2
2001,1
2002,2
2003,2
2004,1
2005,1
2006,2
2007,1
2008,2
2009,1
2010,1
2011,2
2012,2
2013,2
2014,2
2015,2
2016,2
2017,1
2018,1
2019,2
2020,2
2021,2
2022,2
2023,2
2024,2
2025,2
2026,2
2027,2
2028,1
2029,2
2030,2
2031,2
2032,2
2033,2
2034,1
2035,2
2036,2
2037,1
2038,2
2039,2
2040,2
2041,2
2042,1
2043,1
2044,1
2045,2
2046,2
2047,2
2048,2
2049,2
2050,1
2051,2
2052,3
2053,2
2054,3
2055,2
2056,1
2057,1
2058,1
2059,1
2060,2
2061,2
2062,2
2063,2
2064,2
2065,2
2066,2
2067,1
2068,2
2069,2
2070,3
2071,2
2072,2
2073,2
2074,2
2075,2
2076,2
2077,1
2078,3
2079,2
2080,2
2081,2
2082,1
2083,2
2084,2
2085,2
2086,2
2087,1
2088,2
2089,1
2090,2
2091,2
2092,2
2093,3
2094,2
2095,1
2096,1
2097,2
2098,2
2099,2
2100,2
2101,1
2102,2
2103,2
2104,2
2105,2
2106,2
2107,2
2108,2
2109,2
2110,2
2111,2
2112,2
2113,2
2114,2
2115,1
2116,3
2117,1
2118,1
2119,2
2120,2
2121,1
2122,2
2123,2
2124,2
2125,2
2126,3
2127,1
2128,2
2129,2
2130,1
2131,1
2132,2
2133,1
2134,2
2135,2
2136,1
2137,1
2138,2
2139,2
2140,2
2141,1
2142,1
2143,2
2144,2
2145,2
2146,2
2147,2
2148,2
2149,2
2150,1
2151,3
2152,2
2153,2
2154,1
2155,2
2156,2
2157,2
2158,2
2159,1
2160,2
2161,2
2162,2
2163,1
2164,1
2165,2
2166,2
2167,3
2168,2
2169,2
2170,2
2171,1
2172,2
2173,2
2174,1
2175,1
2176,2
2177,2
2178,2
2179,3
2180,2
2181,1
2182,2
2183,2
2184,1
2185,2
2186,2
2187,1
2188,3
2189,2
2190,1
2191,2
2192,1
2193,3
2194,2
2195,2
2196,1
2197,1
2198,3
2199,3
2200,2
2201,2
2202,2
2203,2
2204,2
2205,2
2206,1
2207,2
2208,2
2209,3
2210,2
2211,2
2212,2
2213,3
2214,2
2215,3
2216,1
2217,2
2218,2
2219,2
2220,1
2221,1
2222,2
2223,1
2224,2
2225,2
2226,2
2227,2
2228,1
2229,2
2230,1
2231,3
2232,2
2233,2
2234,2
2235,1
2236,2
2237,2
2238,1
2239,3
2240,2
2241,3
2242,2
2243,1
2244,2
2245,2
2246,2
2247,1
2248,2
2249,2
2250,1
2251,2
2252,3
2253,2
2254,2
2255,2
2256,2
2257,1
2258,2
2259,3
2260,2
2261,2
2262,2
2263,3
2264,2
2265,2
2266,2
2267,2
2268,3
2269,2
2270,1
2271,1
2272,3
2273,2
2274,2
2275,1
2276,2
2277,1
2278,3
2279,1
2280,2
2281,3
2282,3
2283,2
2284,1
2285,3
2286,1
2287,1
2288,2
2289,2
2290,2
2291,2
2292,1
2293,1
2294,1
2295,2
2296,2
2297,2
2298,2
2299,2
2300,2
2301,2
2302,2
2303,2
2304,2
2305,2
2306,2
2307,1
2308,1
2309,2
2310,2
2311,1
2312,2
2313,2
2314,2
2315,2
2316,2
2317,1
2318,1
2319,2
2320,3
2321,2
2322,1
2323,2
2324,2
2325,2
2326,2
2327,2
2328,1
2329,1
2330,2
2331,2
2332,2
2333,2
2334,1
2335,2
2336,2
2337,1
2338,2
2339,2
2340,2
2341,2
2342,1
2343,2
2344,1
2345,1
2346,2
2347,3
2348,1
2349,1
2350,2
2351,1
2352,2
2353,1
2354,1
2355,2
2356,2
2357,2
2358,2
2359,2
2360,2
2361,2
2362,2
2363,2
2364,2
2365,2
2366,1
2367,3
2368,2
2369,2
2370,2
2371,2
2372,1
2373,2
2374,2
2375,3
2376,2
2377,3
2378,2
2379,2
2380,1
2381,2
2382,2
2383,2
2384,2
2385,1
2386,2
2387,2
2388,2
2389,2
2390,2
2391,2
2392,2
2393,2
2394,2
2395,3
2396,2
2397,2
2398,2
2399,2
2400,2
2401,2
2402,1
2403,2
2404,2
2405,2
2406,2
2407,2
2408,1
2409,2
2410,2
2411,3
2412,2
2413,2
2414,2
2415,2
2416,2
2417,2
2418,2
2419,2
2420,2
2421,2
2422,2
2423,2
2424,2
2425,3
2426,2
2427,2
2428,2
2429,2
2430,2
2431,2
2432,2
2433,2
2434,1
2435,2
2436,2
2437,1
2438,2
2439,2
2440,2
2441,2
2442,1
2443,2
2444,1
2445,2
2446,2
2447,1
2448,2
2449,2
2450,2
2451,3
2452,1
2453,2
2454,1
2455,2
2456,1
2457,2
2458,2
2459,2
2460,2
2461,2
2462,1
2463,2
2464,2
2465,1
2466,1
2467,2
2468,2
2469,2
2470,2
2471,2
2472,1
2473,2
2474,2
2475,2
2476,2
2477,2
2478,1
2479,2
2480,3
2481,2
2482,2
2483,1
2484,2
2485,1
2486,2
2487,2
2488,2
2489,2
2490,1
2491,2
2492,2
2493,2
2494,2
2495,2
2496,3
2497,3
2498,2
2499,2
2500,2
2501,2
2502,2
2503,2
2504,2
2505,2
2506,2
2507,2
2508,1
2509,1
2510,2
2511,2
2512,1
2513,2
2514,2
2515,2
2516,1
2517,3
2518,2
2519,2
2520,2
2521,2
2522,1
2523,1
2524,1
2525,1
2526,2
2527,2
2528,2
2529,2
2530,2
2531,2
2532,2
2533,2
2534,2
2535,1
2536,3
2537,2
2538,2
2539,2
2540,2
2541,2
2542,1
2543,2
2544,1
2545,2
2546,2
2547,2
2548,2
2549,2
2550,3
2551,1
2552,2
2553,1
2554,2
2555,2
2556,2
2557,2
2558,2
2559,1
2560,2
2561,2
2562,2
2563,2
2564,2
2565,2
2566,2
2567,2
2568,2
2569,2
2570,3
2571,2
2572,2
2573,2
2574,2
2575,3
2576,1
2577,2
2578,3
2579,2
2580,2
2581,2
2582,2
2583,2
2584,1
2585,2
2586,2
2587,2
2588,1
2589,2
2590,2
2591,2
2592,2
2593,2
2594,3
2595,2
2596,1
2597,2
2598,2
2599,1
2600,2
2601,1
2602,2
2603,2
2604,2
2605,1
2606,2
2607,2
2608,1
2609,1
2610,2
2611,2
2612,2
2613,1
2614,2
2615,2
2616,3
2617,2
2618,3
2619,2
2620,2
2621,2
2622,1
2623,2
2624,2
2625,2
2626,2
2627,2
2628,1
2629,3
2630,1
2631,2
2632,1
2633,3
2634,1
2635,2
2636,2
2637,1
2638,3
2639,1
2640,1
2641,2
2642,2
2643,1
2644,2
2645,2
2646,1
2647,2
2648,2
2649,2
2650,2
2651,2
2652,2
2653,1
2654,2
2655,3
2656,2
2657,1
2658,2
2659,2
2660,3
2661,2
2662,2
2663,1
2664,3
2665,1
2666,2
2667,2
2668,2
2669,2
2670,2
2671,2
2672,1
2673,1
2674,1
2675,2
2676,2
2677,2
2678,1
2679,2
2680,2
2681,2
2682,2
2683,2
2684,3
2685,2
2686,3
2687,2
2688,1
2689,2
2690,3
2691,1
2692,1
2693,2
2694,1
2695,2
2696,2
2697,3
2698,2
2699,2
2700,3
2701,3
2702,2
2703,2
2704,1
2705,1
2706,2
2707,2
2708,2
2709,1
2710,2
2711,1
2712,2
2713,2
2714,2
2715,2
2716,2
2717,2
2718,2
2719,1
2720,2
2721,2
2722,2
2723,2
2724,2
2725,2
2726,1
2727,2
2728,1
2729,1
2730,1
2731,1
2732,2
2733,2
2734,2
2735,2
2736,3
2737,2
2738,2
2739,3
2740,2
2741,2
2742,2
2743,2
2744,2
2745,2
2746,1
2747,2
2748,2
2749,3
2750,1
2751,2
2752,3
2753,2
2754,1
2755,2
2756,2
2757,2
2758,2
2759,2
2760,2
2761,3
2762,2
2763,3
2764,1
2765,2
2766,2
2767,3
2768,2
2769,2
2770,2
2771,1
2772,2
2773,2
2774,2
2775,3
2776,2
2777,2
2778,2
2779,2
2780,2
2781,2
2782,2
2783,2
2784,2
2785,2
2786,2
2787,2
2788,1
2789,2
2790,2
2791,3
2792,2
2793,2
2794,2
2795,2
2796,2
2797,1
2798,2
2799,2
2800,2
2801,2
2802,1
2803,2
2804,1
2805,2
2806,1
2807,1
2808,3
2809,2
2810,3
2811,3
2812,2
2813,2
2814,3
2815,2
2816,2
2817,2
2818,1
2819,2
2820,2
2821,2
2822,3
2823,2
2824,3
2825,2
2826,2
2827,2
2828,2
2829,1
2830,2
2831,1
2832,2
2833,2
2834,1
2835,1
2836,2
2837,2
2838,2
2839,3
2840,2
2841,2
2842,2
2843,2
2844,2
2845,2
2846,2
2847,2
2848,2
2849,2
2850,2
2851,2
2852,1
2853,2
2854,3
2855,3
2856,1
2857,2
2858,2
2859,2
2860,2
2861,2
2862,1
2863,2
2864,2
2865,2
2866,2
2867,2
2868,1
2869,2
2870,1
2871,2
2872,2
2873,2
2874,1
2875,2
2876,2
2877,2
2878,2
2879,2
2880,2
2881,2
2882,2
2883,2
2884,2
2885,2
2886,2
2887,2
2888,2
2889,2
2890,2
2891,2
2892,2
2893,1
2894,2
2895,2
2896,2
2897,2
2898,2
2899,3
2900,2
2901,2
2902,3
2903,1
2904,2
2905,1
2906,2
2907,1
2908,2
2909,1
2910,2
2911,1
2912,3
2913,2
2914,2
2915,2
2916,2
2917,3
2918,2
2919,2
2920,2
2921,2
2922,2
2923,2
2924,2
2925,2
2926,2
2927,2
2928,1
2929,2
2930,2
2931,2
2932,1
2933,2
2934,2
2935,3
2936,2
2937,2
2938,1
2939,3
2940,2
2941,2
2942,1
2943,2
2944,2
2945,2
2946,2
2947,1
2948,2
2949,2
2950,2
2951,2
2952,2
2953,2
2954,1
2955,1
2956,1
2957,2
2958,3
2959,2
2960,2
2961,2
2962,3
2963,2
2964,3
2965,3
2966,2
2967,2
2968,2
2969,2
2970,2
2971,2
2972,2
2973,2
2974,2
2975,2
2976,2
2977,3
2978,2
2979,2
2980,2
2981,2
2982,3
2983,2
2984,1
2985,2
2986,2
2987,3
2988,1
2989,1
2990,2
2991,3
2992,2
2993,2
2994,2
2995,2
2996,1
2997,1
2998,2
2999,2
3000,2
3001,2
3002,3
3003,2
3004,2
3005,2
3006,3
3007,2
3008,2
3009,1
3010,1
3011,1
3012,2
3013,2
3014,2
3015,3
3016,1
3017,2
3018,2
3019,2
3020,2
3021,2
3022,1
3023,2
3024,2
3025,1
3026,1
3027,3
3028,2
3029,2
3030,2
3031,2
3032,2
3033,2
3034,1
3035,2
3036,1
3037,1
3038,2
3039,2
3040,2
3041,2
3042,2
3043,3
3044,2
3045,2
3046,1
3047,2
3048,2
3049,2
3050,2
3051,2
3052,2
3053,2
3054,3
3055,2
3056,2
3057,2
3058,1
3059,3
3060,1
3061,2
3062,1
3063,1
3064,2
3065,2
3066,2
3067,1
3068,1
3069,2
3070,2
3071,2
3072,1
3073,2
3074,3
3075,1
3076,1
3077,2
3078,2
3079,2
3080,3
3081,2
3082,3
3083,2
3084,2
3085,2
3086,2
3087,1
3088,2
3089,2
3090,1
3091,2
3092,1
3093,2
3094,2
3095,1
3096,2
3097,2
3098,2
3099,2
3100,2
3101,2
3102,2
3103,1
3104,3
3105,1
3106,2
3107,1
3108,1
3109,1
3110,2
3111,2
3112,2
3113,2
3114,1
3115,2
3116,3
3117,2
3118,2
3119,2
3120,2
3121,1
3122,2
3123,2
3124,2
3125,3
3126,2
3127,2
3128,2
3129,2
3130,2
3131,2
3132,2
3133,1
3134,2
3135,2
3136,3
3137,1
3138,1
3139,2
3140,1
3141,3
3142,2
3143,1
3144,2
3145,2
3146,2
3147,3
3148,2
3149,1
3150,2
3151,2
3152,2
3153,2
3154,2
3155,1
3156,2
3157,2
3158,3
3159,2
3160,2
3161,1
3162,2
3163,2
3164,1
3165,2
3166,2
3167,1
3168,2
3169,1
3170,2
3171,1
3172,1
3173,1
3174,1
3175,2
3176,2
3177,2
3178,2
3179,2
3180,2
3181,2
3182,3
3183,2
3184,2
3185,2
3186,2
3187,1
3188,1
3189,3
3190,2
3191,3
3192,2
3193,2
3194,3
3195,2
3196,1
3197,2
3198,2
3199,1
3200,2
3201,2
3202,2
3203,2
3204,2
3205,3
3206,1
3207,2
3208,1
3209,2
3210,2
3211,2
3212,2
3213,2
3214,2
3215,2
3216,2
3217,2
3218,2
3219,2
3220,2
3221,2
3222,2
3223,3
3224,2
3225,2
3226,1
3227,2
3228,2
3229,1
3230,3
3231,1
3232,2
3233,3
3234,1
3235,1
3236,2
3237,2
3238,2
3239,2
3240,2
3241,3
3242,2
3243,2
3244,2
3245,1
3246,2
3247,2
3248,1
3249,2
3250,3
3251,2
3252,2
3253,2
3254,1
3255,1
3256,1
3257,2
3258,2
3259,2
3260,1
3261,2
3262,3
3263,3
3264,3
3265,2
3266,2
3267,2
3268,2
3269,2
3270,2
3271,3
3272,3
3273,1
3274,1
3275,2
3276,2
3277,2
3278,2
3279,2
3280,3
3281,2
3282,3
3283,1
3284,1
3285,2
3286,2
3287,2
3288,2
3289,2
3290,1
3291,2
3292,1
3293,2
3294,2
3295,2
3296,2
3297,2
3298,1
3299,1
3300,1
3301,2
3302,2
3303,2
3304,2
3305,1
3306,2
3307,1
3308,2
3309,2
3310,1
3311,1
3312,1
3313,2
3314,2
3315,2
3316,2
3317,1
3318,1
3319,1
3320,1
3321,2
3322,2
3323,2
3324,2
3325,1
3326,2
3327,1
3328,1
3329,2
3330,2
3331,3
3332,1
3333,2
3334,2
3335,3
3336,2
3337,3
3338,2
3339,1
3340,2
3341,2
3342,2
3343,2
3344,2
3345,2
3346,2
3347,2
3348,2
3349,1
3350,2
3351,2
3352,2
3353,2
3354,2
3355,2
3356,2
3357,1
3358,2
3359,2
3360,2
3361,3
3362,2
3363,2
3364,2
3365,2
3366,2
3367,2
3368,2
3369,2
3370,2
3371,2
3372,2
3373,2
3374,1
3375,2
3376,2
3377,3
3378,1
3379,3
3380,2
3381,1
3382,1
3383,1
3384,2
3385,2
3386,2
3387,2
3388,3
3389,1
3390,1
3391,2
3392,2
3393,2
3394,1
3395,2
3396,1
3397,2
3398,2
3399,1
3400,2
3401,2
3402,2
3403,2
3404,2
3405,2
3406,2
3407,2
3408,1
3409,2
3410,2
3411,1
3412,2
3413,1
3414,2
3415,2
3416,2
3417,1
3418,2
3419,2
3420,3
3421,2
3422,2
3423,1
3424,3
3425,2
3426,1
3427,2
3428,1
3429,3
3430,2
3431,2
3432,2
3433,1
3434,2
3435,2
3436,3
3437,1
3438,2
3439,2
3440,2
3441,2
3442,2
3443,1
3444,1
3445,2
3446,2
3447,2
3448,2
3449,1
3450,2
3451,2
3452,2
3453,3
3454,2
3455,2
3456,2
3457,2
3458,2
3459,2
3460,2
3461,1
3462,3
3463,2
3464,1
3465,2
3466,1
3467,2
3468,1
3469,2
3470,2
3471,1
3472,1
3473,3
3474,2
3475,2
3476,2
3477,3
3478,2
3479,2
3480,2
3481,1
3482,2
3483,2
3484,2
3485,2
3486,1
3487,2
3488,2
3489,2
3490,2
3491,1
3492,2
3493,2
3494,2
3495,2
3496,2
3497,2
3498,1
3499,2
3500,2
3501,2
3502,2
3503,2
3504,1
3505,1
3506,2
3507,1
3508,1
3509,2
3510,3
3511,2
3512,3
3513,2
3514,2
3515,1
3516,1
3517,2
3518,1
3519,1
3520,3
3521,2
3522,2
3523,1
3524,2
3525,1
3526,2
3527,1
3528,2
3529,2
3530,2
3531,1
3532,1
3533,2
3534,2
3535,2
3536,1
3537,1
3538,2
3539,3
3540,2
3541,1
3542,2
3543,2
3544,1
3545,1
3546,2
3547,2
3548,2
3549,2
3550,2
3551,1
3552,1
3553,3
3554,1
3555,2
3556,2
3557,2
3558,2
3559,2
3560,2
3561,2
3562,1
3563,2
3564,2
3565,2
3566,2
3567,2
3568,2
3569,1
3570,2
3571,1
3572,1
3573,2
3574,2
3575,2
3576,2
3577,1
3578,1
3579,2
3580,2
3581,2
3582,2
3583,2
3584,2
3585,2
3586,1
3587,2
3588,2
3589,1
3590,2
3591,2
3592,2
3593,1
3594,1
3595,2
3596,2
3597,2
3598,2
3599,2
3600,2
3601,2
3602,1
3603,2
3604,1
3605,1
3606,2
3607,2
3608,2
3609,1
3610,2
3611,2
3612,2
3613,1
3614,2
3615,2
3616,2
3617,2
3618,3
3619,1
3620,2
3621,2
3622,2
3623,1
3624,2
3625,1
3626,1
3627,1
3628,2
3629,1
3630,1
3631,2
3632,2
3633,2
3634,1
3635,2
3636,3
3637,2
3638,2
3639,2
3640,2
3641,2
3642,3
3643,2
3644,1
3645,2
3646,2
3647,2
3648,2
3649,2
3650,1
3651,1
3652,2
3653,1
3654,3
3655,2
3656,2
3657,2
3658,2
3659,3
3660,1
3661,2
3662,3
3663,1
3664,1
3665,2
3666,2
3667,2
3668,1
3669,1
3670,2
3671,2
3672,2
3673,1
3674,2
3675,2
3676,2
3677,2
3678,1
3679,1
3680,2
3681,2
3682,2
3683,2
3684,1
3685,2
3686,2
3687,2
3688,2
3689,2
3690,3
3691,2
3692,2
3693,3
3694,2
3695,2
3696,2
3697,2
3698,2
3699,1
3700,2
3701,2
3702,2
3703,1
3704,2
3705,1
3706,1
3707,1
3708,2
3709,2
3710,1
3711,2
3712,2
3713,2
3714,1
3715,2
3716,2
3717,2
3718,1
3719,2
3720,2
3721,2
3722,2
3723,2
3724,2
3725,2
3726,2
3727,2
3728,1
3729,1
3730,2
3731,1
3732,2
3733,1
3734,1
3735,2
3736,3
3737,1
3738,3
3739,2
3740,2
3741,1
3742,2
3743,2
3744,2
3745,2
3746,2
3747,2
3748,2
3749,2
3750,3
3751,2
3752,1
3753,2
3754,2
3755,2
3756,2
3757,2
3758,2
3759,2
3760,2
3761,2
3762,2
3763,2
3764,3
3765,2
3766,3
3767,2
3768,2
3769,2
3770,1
3771,1
3772,2
3773,2
3774,1
3775,2
3776,2
3777,2
3778,2
3779,2
3780,2
3781,3
3782,2
3783,1
3784,2
3785,2
3786,1
3787,2
3788,1
3789,2
3790,1
3791,1
3792,2
3793,2
3794,1
3795,2
3796,2
3797,2
3798,3
3799,2
3800,1
3801,3
3802,2
3803,2
3804,3
3805,2
3806,1
3807,1
3808,1
3809,2
3810,2
3811,2
3812,3
3813,2
3814,2
3815,2
3816,2
3817,1
3818,2
3819,1
3820,1
3821,2
3822,2
3823,2
3824,1
3825,2
3826,2
3827,2
3828,2
3829,3
3830,1
3831,1
3832,1
3833,1
3834,2
3835,2
3836,2
3837,2
3838,1
3839,1
3840,3
3841,3
3842,2
3843,2
3844,1
3845,2
3846,2
3847,1
3848,2
3849,2
3850,1
3851,2
3852,1
3853,1
3854,2
3855,2
3856,2
3857,2
3858,1
3859,1
3860,2
3861,2
3862,1
3863,2
3864,2
3865,2
3866,2
3867,2
3868,2
3869,2
3870,2
3871,2
3872,2
3873,2
3874,1
3875,1
3876,2
3877,1
3878,2
3879,2
3880,1
3881,2
3882,2
3883,2
3884,2
3885,2
3886,2
3887,1
3888,2
3889,1
3890,1
3891,2
3892,2
3893,2
3894,1
3895,3
3896,2
3897,2
3898,2
3899,2
3900,2
3901,3
3902,3
3903,2
3904,3
3905,1
3906,2
3907,2
3908,2
3909,2
3910,2
3911,2
3912,1
3913,2
3914,1
3915,1
3916,2
3917,2
3918,3
3919,2
3920,2
3921,2
3922,1
3923,2
3924,2
3925,2
3926,3
3927,2
3928,2
3929,2
3930,2
3931,2
3932,2
3933,1
3934,2
3935,2
3936,2
3937,2
3938,2
3939,2
3940,2
3941,2
3942,3
3943,2
3944,2
3945,2
3946,1
3947,2
3948,2
3949,1
3950,1
3951,2
3952,2
3953,2
3954,2
3955,2
3956,2
3957,1
3958,2
3959,1
3960,2
3961,2
3962,2
3963,1
3964,2
3965,2
3966,1
3967,3
3968,2
3969,1
3970,2
3971,2
3972,2
3973,1
3974,1
3975,1
3976,3
3977,2
3978,3
3979,2
3980,2
3981,2
3982,1
3983,2
3984,2
3985,2
3986,2
3987,2
3988,2
3989,2
3990,3
3991,2
3992,1
3993,2
3994,2
3995,2
3996,2
3997,1
3998,3
3999,1
4000,2
4001,2
4002,1
4003,2
4004,2
4005,1
4006,2
4007,2
4008,2
4009,2
4010,2
4011,2
4012,3
4013,1
4014,2
4015,2
4016,2
4017,2
4018,1
4019,1
4020,2
4021,2
4022,2
4023,3
4024,2
4025,2
4026,3
4027,2
4028,2
4029,3
4030,2
4031,2
4032,2
4033,2
4034,1
4035,2
4036,1
4037,2
4038,3
4039,2
4040,2
4041,1
4042,3
4043,1
4044,1
4045,1
4046,2
4047,2
4048,2
4049,1
4050,2
4051,2
4052,1
4053,2
4054,2
4055,2
4056,2
4057,2
4058,2
4059,2
4060,2
4061,2
4062,2
4063,2
4064,2
4065,2
4066,2
4067,2
4068,2
4069,1
4070,1
4071,2
4072,2
4073,2
4074,1
4075,2
4076,1
4077,2
4078,2
4079,2
4080,2
4081,2
4082,2
4083,1
4084,1
4085,2
4086,2
4087,2
4088,2
4089,2
4090,2
4091,1
4092,3
4093,2
4094,2
4095,2
4096,2
4097,1
4098,2
4099,2
4100,3
4101,1
4102,2
4103,2
4104,2
4105,2
4106,2
4107,3
4108,2
4109,2
4110,3
4111,2
4112,2
4113,2
4114,2
4115,2
4116,2
4117,3
4118,3
4119,1
4120,2
4121,2
4122,2
4123,2
4124,2
4125,1
4126,2
4127,2
4128,2
4129,1
4130,2
4131,2
4132,2
4133,3
4134,2
4135,1
4136,1
4137,2
4138,2
4139,1
4140,3
4141,1
4142,2
4143,2
4144,1
4145,2
4146,2
4147,2
4148,1
4149,2
4150,2
4151,2
4152,2
4153,2
4154,2
4155,2
4156,2
4157,2
4158,2
4159,2
4160,1
4161,1
4162,2
4163,2
4164,2
4165,2
4166,2
4167,1
4168,1
4169,2
4170,1
4171,2
4172,2
4173,2
4174,2
4175,2
4176,2
4177,3
4178,1
4179,2
4180,3
4181,2
4182,2
4183,2
4184,2
4185,1
4186,2
4187,2
4188,2
4189,2
4190,2
4191,2
4192,2
4193,3
4194,1
4195,3
4196,1
4197,2
4198,2
4199,2
4200,2
4201,2
4202,2
4203,2
4204,2
4205,2
4206,1
4207,2
4208,2
4209,2
4210,3
4211,2
4212,2
4213,1
4214,2
4215,2
4216,2
4217,2
4218,2
4219,2
4220,2
4221,2
4222,2
4223,1
4224,1
4225,2
4226,2
4227,2
4228,1
4229,2
4230,2
4231,2
4232,2
4233,3
4234,1
4235,1
4236,1
4237,2
4238,2
4239,2
4240,2
4241,1
4242,2
4243,1
4244,2
4245,2
4246,3
4247,2
4248,3
4249,2
4250,2
4251,2
4252,2
4253,2
4254,1
4255,2
4256,2
4257,2
4258,2
4259,2
4260,2
4261,2
4262,3
4263,2
4264,2
4265,2
4266,2
4267,2
4268,1
4269,2
4270,2
4271,2
4272,2
4273,1
4274,1
4275,1
4276,1
4277,3
4278,2
4279,2
4280,2
4281,2
4282,1
4283,2
4284,2
4285,2
4286,3
4287,2
4288,3
4289,1
4290,2
4291,2
4292,2
4293,2
4294,2
4295,2
4296,2
4297,2
4298,2
4299,3
4300,1
4301,2
4302,1
4303,1
4304,2
4305,2
4306,2
4307,1
4308,3
4309,1
4310,2
4311,2
4312,2
4313,2
4314,2
4315,2
4316,2
4317,2
4318,1
4319,2
4320,2
4321,3
4322,2
4323,2
4324,1
4325,2
4326,2
4327,2
4328,2
4329,2
4330,2
4331,1
4332,2
4333,2
4334,1
4335,1
4336,2
4337,2
4338,2
4339,1
4340,2
4341,2
4342,2
4343,2
4344,2
4345,1
4346,2
4347,2
4348,1
4349,3
4350,2
4351,2
4352,2
4353,2
4354,3
4355,1
4356,3
4357,1
4358,1
4359,3
4360,1
4361,1
4362,2
4363,2
4364,1
4365,2
4366,1
4367,2
4368,2
4369,1
4370,1
4371,2
4372,2
4373,1
4374,2
4375,2
4376,1
4377,1
4378,1
4379,2
4380,1
4381,2
4382,2
4383,2
4384,2
4385,2
4386,2
4387,1
4388,2
4389,3
4390,3
4391,2
4392,3
4393,2
4394,2
4395,1
4396,2
4397,2
4398,3
4399,2
4400,3
4401,2
4402,3
4403,2
4404,2
4405,2
4406,2
4407,2
4408,1
4409,2
4410,2
4411,3
4412,2
4413,2
4414,3
4415,1
4416,2
4417,2
4418,2
4419,2
4420,2
4421,2
4422,2
4423,2
4424,1
4425,1
4426,2
4427,2
4428,2
4429,2
4430,2
4431,1
4432,2
4433,2
4434,3
4435,2
4436,2
4437,1
4438,2
4439,2
4440,1
4441,1
4442,3
4443,3
4444,2
4445,2
4446,1
4447,2
4448,2
4449,2
4450,1
4451,2
4452,1
4453,1
4454,2
4455,2
4456,2
4457,2
4458,2
4459,2
4460,1
4461,2
4462,2
4463,2
4464,2
4465,1
4466,2
4467,2
4468,2
4469,2
4470,2
4471,1
4472,2
4473,2
4474,1
4475,1
4476,2
4477,2
4478,2
4479,2
4480,2
4481,2
4482,2
4483,2
4484,2
4485,2
4486,2
4487,2
4488,2
4489,2
4490,2
4491,1
4492,2
4493,2
4494,2
4495,1
4496,2
4497,2
4498,1
4499,1
4500,2
4501,2
4502,2
4503,2
4504,3
4505,2
4506,2
4507,2
4508,1
4509,2
4510,2
4511,2
4512,3
4513,1
4514,1
4515,2
4516,1
4517,2
4518,2
4519,1
4520,1
4521,2
4522,2
4523,2
4524,2
4525,1
4526,2
4527,2
4528,2
4529,1
4530,2
4531,2
4532,3
4533,2
4534,1
4535,2
4536,2
4537,2
4538,2
4539,2
4540,3
4541,2
4542,2
4543,2
4544,3
4545,1
4546,2
4547,2
4548,2
4549,2
4550,3
4551,2
4552,3
4553,2
4554,2
4555,2
4556,2
4557,1
4558,2
4559,2
4560,2
4561,2
4562,2
4563,2
4564,2
4565,2
4566,2
4567,2
4568,2
4569,2
4570,2
4571,1
4572,2
4573,2
4574,2
4575,2
4576,2
4577,3
4578,2
4579,2
4580,2
4581,2
4582,3
4583,2
4584,2
4585,2
4586,2
4587,2
4588,1
4589,2
4590,2
4591,2
4592,1
4593,2
4594,3
4595,1
4596,2
4597,2
4598,3
4599,2
4600,3
4601,2
4602,1
4603,2
4604,1
4605,2
4606,2
4607,2
4608,2
4609,2
4610,1
4611,2
4612,1
4613,2
4614,2
4615,2
4616,1
4617,2
4618,2
4619,2
4620,2
4621,1
4622,2
4623,2
4624,2
4625,2
4626,2
4627,2
4628,2
4629,2
4630,2
4631,1
4632,2
4633,1
4634,2
4635,1
4636,2
4637,2
4638,2
4639,1
4640,1
4641,3
4642,1
4643,3
4644,3
4645,2
4646,2
4647,2
4648,2
4649,1
4650,2
4651,2
4652,2
4653,2
4654,1
4655,2
4656,2
4657,2
4658,2
4659,2
4660,2
4661,2
4662,1
4663,2
4664,2
4665,2
4666,1
4667,2
4668,3
4669,1
4670,2
4671,1
4672,1
4673,2
4674,2
4675,2
4676,2
4677,2
4678,2
4679,3
4680,2
4681,2
4682,1
4683,2
4684,2
4685,2
4686,1
4687,2
4688,2
4689,2
4690,2
4691,2
4692,2
4693,2
4694,2
4695,2
4696,1
4697,2
4698,2
4699,1
4700,2
4701,2
4702,2
4703,2
4704,1
4705,2
4706,2
4707,1
4708,1
4709,2
4710,2
4711,1
4712,2
4713,2
4714,3
4715,2
4716,2
4717,2
4718,3
4719,2
4720,2
4721,1
4722,2
4723,1
4724,2
4725,2
4726,1
4727,2
4728,2
4729,3
4730,2
4731,2
4732,2
4733,1
4734,3
4735,1
4736,2
4737,1
4738,2
4739,2
4740,3
4741,2
4742,1
4743,3
4744,2
4745,2
4746,2
4747,2
4748,2
4749,1
4750,1
4751,2
4752,2
4753,3
4754,2
4755,2
4756,1
4757,2
4758,2
4759,2
4760,2
4761,2
4762,1
4763,2
4764,2
4765,2
4766,2
4767,3
4768,2
4769,3
4770,2
4771,2
4772,2
4773,2
4774,2
4775,2
4776,3
4777,2
4778,2
4779,1
4780,2
4781,2
4782,1
4783,1
4784,2
4785,2
4786,2
4787,1
4788,3
4789,2
4790,2
4791,2
4792,1
4793,2
4794,2
4795,2
4796,2
4797,2
4798,2
4799,2
4800,2
4801,2
4802,2
4803,2
4804,2
4805,3
4806,2
4807,1
4808,2
4809,2
4810,1
4811,1
4812,2
4813,3
4814,1
4815,2
4816,1
4817,3
4818,2
4819,2
4820,2
4821,2
4822,2
4823,2
4824,2
4825,2
4826,2
4827,2
4828,1
4829,2
4830,3
4831,1
4832,3
4833,2
4834,2
4835,1
4836,3
4837,1
4838,2
4839,2
4840,2
4841,2
4842,2
4843,1
4844,2
4845,1
4846,2
4847,2
4848,2
4849,1
4850,1
4851,2
4852,2
4853,1
4854,2
4855,1
4856,2
4857,2
4858,2
4859,2
4860,1
4861,2
4862,2
4863,1
4864,1
4865,2
4866,1
4867,2
4868,2
4869,3
4870,3
4871,1
4872,2
4873,1
4874,2
4875,1
4876,1
4877,3
4878,2
4879,2
4880,1
4881,2
4882,1
4883,2
4884,2
4885,2
4886,2
4887,2
4888,1
4889,1
4890,2
4891,1
4892,2
4893,2
4894,3
4895,2
4896,1
4897,1
4898,3
4899,2
4900,2
4901,2
4902,2
4903,3
4904,2
4905,2
4906,2
4907,2
4908,3
4909,1
4910,1
4911,2
4912,1
4913,3
4914,2
4915,1
4916,1
4917,3
4918,2
4919,2
4920,2
4921,2
4922,3
4923,3
4924,2
4925,2
4926,1
4927,2
4928,2
4929,2
4930,2
4931,1
4932,2
4933,1
4934,3
4935,2
4936,2
4937,2
4938,2
4939,1
4940,2
4941,2
4942,2
4943,1
4944,2
4945,2
4946,3
4947,2
4948,2
4949,2
4950,2
4951,2
4952,2
4953,2
4954,2
4955,2
4956,2
4957,2
4958,2
4959,2
4960,2
4961,3
4962,2
4963,1
4964,2
4965,1
4966,1
4967,1
4968,2
4969,2
4970,2
4971,2
4972,2
4973,2
4974,2
4975,1
4976,1
4977,1
4978,2
4979,2
4980,2
4981,2
4982,2
4983,2
4984,2
4985,3
4986,2
4987,2
4988,2
4989,2
4990,3
4991,2
4992,2
4993,2
4994,2
4995,3
4996,3
4997,2
4998,2
4999,1
5000,2
5001,2
5002,1
5003,2
5004,2
5005,2
5006,3
5007,2
5008,1
5009,2
5010,2
5011,2
5012,1
5013,2
5014,2
5015,1
5016,3
5017,3
5018,2
5019,2
5020,1
5021,1
5022,3
5023,2
5024,1
5025,3
5026,2
5027,1
5028,2
5029,2
5030,2
5031,2
5032,3
5033,2
5034,2
5035,2
5036,2
5037,2
5038,1
5039,2
5040,2
5041,1
5042,2
5043,2
5044,2
5045,2
5046,2
5047,2
5048,2
5049,2
5050,2
5051,2
5052,2
5053,2
5054,2
5055,3
5056,2
5057,2
5058,1
5059,2
5060,1
5061,1
5062,1
5063,2
5064,2
5065,1
5066,2
5067,2
5068,2
5069,2
5070,2
5071,2
5072,2
5073,1
5074,1
5075,3
5076,2
5077,2
5078,1
5079,2
5080,2
5081,3
5082,2
5083,1
5084,2
5085,2
5086,2
5087,2
5088,2
5089,1
5090,1
5091,2
5092,2
5093,2
5094,2
5095,2
5096,2
5097,2
5098,1
5099,2
5100,1
5101,2
5102,2
5103,1
5104,2
5105,1
5106,2
5107,2
5108,2
5109,2
5110,2
5111,2
5112,2
5113,1
5114,1
5115,2
5116,3
5117,2
5118,2
5119,2
5120,3
5121,3
5122,1
5123,2
5124,1
5125,2
5126,1
5127,2
5128,3
5129,1
5130,1
5131,2
5132,2
5133,2
5134,2
5135,2
5136,2
5137,2
5138,2
5139,2
5140,3
5141,2
5142,2
5143,2
5144,3
5145,1
5146,2
5147,2
5148,1
5149,2
5150,2
5151,2
5152,2
5153,1
5154,2
5155,1
5156,2
5157,2
5158,2
5159,2
5160,3
5161,2
5162,2
5163,3
5164,2
5165,1
5166,2
5167,2
5168,2
5169,2
5170,2
5171,1
5172,2
5173,3
5174,2
5175,1
5176,1
5177,2
5178,2
5179,2
5180,2
5181,3
5182,1
5183,2
5184,1
5185,1
5186,2
5187,2
5188,1
5189,2
5190,2
5191,2
5192,2
5193,1
5194,2
5195,2
5196,2
5197,2
5198,2
5199,2
5200,2
5201,2
5202,3
5203,2
5204,2
5205,2
5206,2
5207,3
5208,2
5209,2
5210,3
5211,2
5212,2
5213,2
5214,2
5215,2
5216,2
5217,2
5218,1
5219,2
5220,2
5221,2
5222,1
5223,2
5224,2
5225,2
5226,2
5227,2
5228,2
5229,2
5230,1
5231,2
5232,2
5233,2
5234,1
5235,2
5236,2
5237,1
5238,2
5239,1
5240,2
5241,3
5242,2
5243,2
5244,1
5245,2
5246,2
5247,3
5248,1
5249,2
5250,2
5251,2
5252,2
5253,2
5254,2
5255,2
5256,2
5257,2
5258,2
5259,3
5260,2
5261,2
5262,1
5263,2
5264,2
5265,3
5266,2
5267,2
5268,2
5269,2
5270,2
5271,2
5272,2
5273,2
5274,2
5275,2
5276,1
5277,2
5278,2
5279,3
5280,2
5281,2
5282,2
5283,1
5284,2
5285,2
5286,1
5287,2
5288,2
5289,2
5290,2
5291,1
5292,2
5293,3
5294,1
5295,2
5296,3
5297,3
5298,1
5299,2
5300,2
5301,3
5302,2
5303,3
5304,2
5305,2
5306,1
5307,2
5308,2
5309,2
5310,2
5311,2
5312,2
5313,2
5314,2
5315,2
5316,3
5317,2
5318,1
5319,2
5320,2
5321,3
5322,2
5323,2
5324,2
5325,1
5326,2
5327,1
5328,2
5329,1
5330,1
5331,2
5332,2
5333,2
5334,2
5335,2
5336,2
5337,2
5338,2
5339,2
5340,2
5341,2
5342,2
5343,2
5344,2
5345,1
5346,2
5347,2
5348,2
5349,2
5350,2
5351,2
5352,2
5353,2
5354,1
5355,2
5356,2
5357,2
5358,2
5359,2
5360,1
5361,2
5362,2
5363,1
5364,2
5365,2
5366,2
5367,2
5368,1
5369,2
5370,2
5371,2
5372,2
5373,2
5374,2
5375,2
5376,2
5377,1
5378,1
5379,2
5380,2
5381,2
5382,3
5383,2
5384,1
5385,1
5386,2
5387,2
5388,2
5389,2
5390,2
5391,1
5392,1
5393,1
5394,2
5395,1
5396,1
5397,2
5398,3
5399,2
5400,2
5401,1
5402,2
5403,2
5404,1
5405,2
5406,1
5407,2
5408,2
5409,3
5410,2
5411,2
5412,2
5413,2
5414,1
5415,2
5416,2
5417,1
5418,2
5419,2
5420,1
5421,2
5422,3
5423,2
5424,1
5425,1
5426,2
5427,1
5428,2
5429,2
5430,3
5431,1
5432,1
5433,2
5434,2
5435,2
5436,1
5437,2
5438,2
5439,3
5440,2
5441,1
5442,2
5443,2
5444,1
5445,2
5446,2
5447,2
5448,1
5449,2
5450,1
5451,2
5452,2
5453,2
5454,1
5455,2
5456,1
5457,2
5458,1
5459,1
5460,2
5461,2
5462,2
5463,2
5464,2
5465,2
5466,3
5467,1
5468,2
5469,2
5470,2
5471,2
5472,2
5473,3
5474,1
5475,2
5476,2
5477,2
5478,2
5479,2
5480,3
5481,1
5482,3
5483,3
5484,2
5485,2
5486,2
5487,2
5488,1
5489,1
5490,2
5491,1
5492,2
5493,1
5494,2
5495,2
5496,2
5497,2
5498,1
5499,1
5500,2
5501,2
5502,2
5503,2
5504,2
5505,1
5506,2
5507,2
5508,2
5509,2
5510,3
5511,1
5512,1
5513,2
5514,2
5515,2
5516,1
5517,1
5518,1
5519,1
5520,2
5521,1
5522,2
5523,1
5524,2
5525,2
5526,2
5527,1
5528,2
5529,3
5530,2
5531,2
5532,3
5533,2
5534,2
5535,2
5536,2
5537,2
5538,1
5539,2
5540,2
5541,1
5542,2
5543,2
5544,1
5545,2
5546,2
5547,1
5548,2
5549,2
5550,2
5551,1
5552,2
5553,2
5554,2
5555,3
5556,2
5557,2
5558,2
5559,1
5560,2
5561,3
5562,2
5563,1
5564,2
5565,2
5566,2
5567,2
5568,2
5569,2
5570,2
5571,1
5572,2
5573,2
5574,1
5575,2
5576,2
5577,2
5578,2
5579,3
5580,1
5581,2
5582,1
5583,2
5584,1
5585,1
5586,2
5587,2
5588,3
5589,2
5590,2
5591,2
5592,3
5593,2
5594,2
5595,2
5596,2
5597,2
5598,3
5599,2
5600,2
5601,2
5602,2
5603,2
5604,2
5605,2
5606,2
5607,3
5608,1
5609,2
5610,3
5611,1
5612,2
5613,2
5614,1
5615,2
5616,2
5617,3
5618,2
5619,3
5620,2
5621,1
5622,2
5623,2
5624,2
5625,2
5626,2
5627,2
5628,2
5629,2
5630,2
5631,1
5632,2
5633,2
5634,2
5635,2
5636,1
5637,2
5638,3
5639,1
5640,1
5641,3
5642,2
5643,3
5644,2
5645,2
5646,2
5647,2
5648,2
5649,1
5650,2
5651,2
5652,2
5653,1
5654,2
5655,1
5656,2
5657,1
5658,1
5659,1
5660,2
5661,2
5662,2
5663,2
5664,2
5665,2
5666,2
5667,2
5668,2
5669,1
5670,2
5671,1
5672,2
5673,2
5674,2
5675,2
5676,2
5677,1
5678,2
5679,2
5680,2
5681,2
5682,2
5683,1
5684,3
5685,2
5686,1
5687,1
5688,1
5689,2
5690,1
5691,3
5692,2
5693,1
5694,1
5695,2
5696,2
5697,2
5698,1
5699,3
5700,2
5701,1
5702,2
5703,2
5704,2
5705,1
5706,1
5707,1
5708,1
5709,1
5710,2
5711,2
5712,2
5713,2
5714,3
5715,2
5716,2
5717,1
5718,2
5719,2
5720,2
5721,2
5722,2
5723,2
5724,2
5725,3
5726,3
5727,2
5728,2
5729,2
5730,2
5731,2
5732,2
5733,3
5734,2
5735,1
5736,1
5737,2
5738,2
5739,2
5740,1
5741,2
5742,2
5743,3
5744,2
5745,2
5746,3
5747,2
5748,1
5749,2
5750,2
5751,2
5752,2
5753,3
5754,1
5755,1
5756,3
5757,2
5758,2
5759,2
5760,2
5761,2
5762,2
5763,2
5764,2
5765,2
5766,3
5767,1
5768,3
5769,1
5770,2
5771,2
5772,2
5773,2
5774,2
5775,2
5776,1
5777,3
5778,2
5779,2
5780,2
5781,2
5782,2
5783,2
5784,1
5785,2
5786,2
5787,1
5788,2
5789,1
5790,2
5791,2
5792,2
5793,2
5794,1
5795,1
5796,3
5797,1
5798,2
5799,3
5800,2
5801,1
5802,1
5803,3
5804,2
5805,1
5806,2
5807,2
5808,1
5809,1
5810,1
5811,2
5812,2
5813,1
5814,2
5815,3
5816,2
5817,2
5818,2
5819,2
5820,1
5821,2
5822,2
5823,1
5824,2
5825,2
5826,2
5827,2
5828,2
5829,1
5830,2
5831,2
5832,2
5833,2
5834,2
5835,1
5836,2
5837,2
5838,2
5839,2
5840,2
5841,2
5842,1
5843,2
5844,3
5845,1
5846,2
5847,2
5848,2
5849,2
5850,2
5851,2
5852,1
5853,2
5854,2
5855,1
5856,2
5857,2
5858,2
5859,2
5860,2
5861,2
5862,2
5863,2
5864,2
5865,1
5866,2
5867,2
5868,2
5869,2
5870,2
5871,1
5872,2
5873,1
5874,2
5875,3
5876,2
5877,2
5878,3
5879,2
5880,2
5881,2
5882,1
5883,2
5884,2
5885,3
5886,2
5887,1
5888,1
5889,2
5890,2
5891,2
5892,2
5893,3
5894,2
5895,2
5896,1
5897,2
5898,2
5899,1
5900,1
5901,2
5902,3
5903,2
5904,2
5905,3
5906,2
5907,1
5908,1
5909,3
5910,2
5911,3
5912,2
5913,3
5914,1
5915,2
5916,2
5917,2
5918,3
5919,1
5920,2
5921,2
5922,2
5923,2
5924,2
5925,2
5926,3
5927,1
5928,1
5929,2
5930,1
5931,2
5932,2
5933,3
5934,2
5935,2
5936,2
5937,2
5938,2
5939,2
5940,3
5941,2
5942,2
5943,1
5944,2
5945,3
5946,2
5947,3
5948,2
5949,2
5950,2
5951,2
5952,2
5953,1
5954,2
5955,2
5956,2
5957,2
5958,1
5959,2
5960,2
5961,2
5962,2
5963,2
5964,1
5965,2
5966,2
5967,1
5968,2
5969,2
5970,3
5971,2
5972,2
5973,2
5974,2
5975,1
5976,2
5977,2
5978,2
5979,2
5980,1
5981,2
5982,2
5983,2
5984,2
5985,2
5986,1
5987,3
5988,1
5989,2
5990,2
5991,2
5992,2
5993,2
5994,2
5995,3
5996,2
5997,2
5998,2
5999,2
6000,2
6001,2
6002,2
6003,2
6004,2
6005,1
6006,2
6007,2
6008,2
6009,2
6010,1
6011,2
6012,2
6013,2
6014,2
6015,2
6016,2
6017,3
6018,1
6019,2
6020,2
6021,2
6022,2
6023,3
6024,2
6025,3
6026,3
6027,2
6028,2
6029,1
6030,3
6031,2
6032,2
6033,1
6034,2
6035,2
6036,1
6037,1
6038,1
6039,1
6040,2
6041,1
6042,2
6043,2
6044,2
6045,2
6046,1
6047,2
6048,1
6049,2
6050,2
6051,2
6052,2
6053,2
6054,1
6055,1
6056,2
6057,2
6058,2
6059,1
6060,3
6061,1
6062,2
6063,2
6064,2
6065,2
6066,3
6067,2
6068,2
6069,2
6070,2
6071,2
6072,2
6073,2
6074,2
6075,2
6076,2
6077,2
6078,2
6079,1
6080,2
6081,2
6082,2
6083,2
6084,2
6085,2
6086,1
6087,2
6088,3
6089,2
6090,3
6091,1
6092,1
6093,2
6094,1
6095,1
6096,1
6097,2
6098,2
6099,2
6100,1
6101,2
6102,2
6103,2
6104,2
6105,1
6106,2
6107,2
6108,2
6109,2
6110,2
6111,2
6112,2
6113,2
6114,2
6115,2
6116,1
6117,2
6118,3
6119,2
6120,2
6121,2
6122,2
6123,2
6124,1
6125,2
6126,3
6127,2
6128,2
6129,3
6130,2
6131,2
6132,2
6133,1
6134,2
6135,2
6136,2
6137,1
6138,2
6139,2
6140,3
6141,2
6142,2
6143,1
6144,2
6145,2
6146,2
6147,2
6148,2
6149,2
6150,2
6151,1
6152,2
6153,2
6154,2
6155,3
6156,2
6157,2
6158,2
6159,1
6160,2
6161,2
6162,2
6163,2
6164,2
6165,2
6166,2
6167,2
6168,1
6169,2
6170,2
6171,2
6172,2
6173,2
6174,2
6175,2
6176,2
6177,1
6178,2
6179,2
6180,1
6181,2
6182,2
6183,2
6184,3
6185,1
6186,1
6187,2
6188,2
6189,2
6190,2
6191,1
6192,1
6193,2
6194,2
6195,1
6196,3
6197,3
6198,1
6199,3
6200,1
6201,1
6202,2
6203,2
6204,3
6205,2
6206,2
6207,2
6208,2
6209,1
6210,2
6211,2
6212,2
6213,2
6214,2
6215,2
6216,2
6217,2
6218,1
6219,2
6220,2
6221,2
6222,2
6223,2
6224,2
6225,2
6226,1
6227,2
6228,2
6229,2
6230,2
6231,2
6232,3
6233,2
6234,2
6235,3
6236,2
6237,1
6238,1
6239,2
6240,1
6241,2
6242,2
6243,2
6244,2
6245,2
6246,2
6247,3
6248,2
6249,2
6250,2
6251,2
6252,2
6253,3
6254,2
6255,2
6256,2
6257,2
6258,1
6259,3
6260,2
6261,2
6262,2
6263,2
6264,3
6265,1
6266,2
6267,1
6268,1
6269,3
6270,2
6271,2
6272,1
6273,2
6274,1
6275,2
6276,2
6277,2
6278,2
6279,2
6280,1
6281,2
6282,2
6283,2
6284,2
6285,2
6286,2
6287,1
6288,2
6289,2
6290,1
6291,2
6292,2
6293,2
6294,1
6295,2
6296,2
6297,2
6298,1
6299,2
6300,2
6301,2
6302,2
6303,2
6304,2
6305,2
6306,2
6307,2
6308,2
6309,1
6310,2
6311,2
6312,1
6313,2
6314,2
6315,2
6316,2
6317,1
6318,1
6319,2
6320,1
6321,1
6322,2
6323,3
6324,1
6325,2
6326,1
6327,2
6328,2
6329,2
6330,1
6331,3
6332,2
6333,2
6334,1
6335,2
6336,2
6337,3
6338,1
6339,2
6340,2
6341,2
6342,2
6343,1
6344,2
6345,2
6346,3
6347,2
6348,2
6349,2
6350,2
6351,2
6352,2
6353,1
6354,1
6355,2
6356,2
6357,2
6358,2
6359,2
6360,2
6361,2
6362,2
6363,2
6364,2
6365,3
6366,2
6367,2
6368,2
6369,2
6370,1
6371,3
6372,2
6373,2
6374,2
6375,2
6376,1
6377,2
6378,2
6379,3
6380,2
6381,2
6382,3
6383,1
6384,1
6385,3
6386,2
6387,1
6388,2
6389,2
6390,2
6391,2
6392,3
6393,2
6394,1
6395,1
6396,2
6397,1
6398,1
6399,2
6400,2
6401,1
6402,2
6403,1
6404,1
6405,1
6406,1
6407,2
6408,2
6409,2
6410,2
6411,2
6412,2
6413,3
6414,2
6415,1
6416,2
6417,1
6418,2
6419,2
6420,2
6421,2
6422,1
6423,2
6424,1
6425,1
6426,2
6427,2
6428,1
6429,2
6430,2
6431,2
6432,2
6433,2
6434,2
6435,2
6436,2
6437,2
6438,1
6439,3
6440,1
6441,2
6442,2
6443,2
6444,3
6445,2
6446,2
6447,2
6448,2
6449,2
6450,2
6451,2
6452,2
6453,2
6454,1
6455,2
6456,2
6457,2
6458,2
6459,3
6460,2
6461,1
6462,2
6463,2
6464,1
6465,2
6466,2
6467,2
6468,2
6469,2
6470,2
6471,2
6472,2
6473,2
6474,2
6475,1
6476,2
6477,2
6478,3
6479,2
6480,2
6481,1
6482,2
6483,2
6484,2
6485,2
6486,2
6487,1
6488,2
6489,2
6490,2
6491,2
6492,2
6493,2
6494,2
6495,2
6496,3
6497,2
6498,3
6499,2
6500,2
6501,2
6502,3
6503,2
6504,2
6505,2
6506,3
6507,2
6508,2
6509,2
6510,1
6511,1
6512,2
6513,2
6514,1
6515,2
6516,1
6517,3
6518,2
6519,1
6520,2
6521,2
6522,2
6523,1
6524,2
6525,2
6526,3
6527,2
6528,1
6529,2
6530,2
6531,3
6532,1
6533,2
6534,2
6535,2
6536,2
6537,2
6538,1
6539,2
6540,2
6541,1
6542,3
6543,3
6544,2
6545,2
6546,1
6547,2
6548,2
6549,1
6550,1
6551,2
6552,2
6553,2
6554,2
6555,2
6556,2
6557,2
6558,2
6559,1
6560,2
6561,1
6562,2
6563,3
6564,3
6565,2
6566,2
6567,2
6568,1
6569,1
6570,2
6571,2
6572,2
6573,1
6574,2
6575,2
6576,1
6577,3
6578,1
6579,2
6580,1
6581,3
6582,2
6583,2
6584,3
6585,2
6586,2
6587,1
6588,2
6589,1
6590,1
6591,2
6592,3
6593,3
6594,2
6595,2
6596,1
6597,2
6598,2
6599,1
6600,3
6601,2
6602,2
6603,2
6604,3
6605,2
6606,2
6607,2
6608,2
6609,2
6610,1
6611,2
6612,3
6613,2
6614,2
6615,2
6616,2
6617,1
6618,1
6619,2
6620,2
6621,2
6622,2
6623,2
6624,1
6625,2
6626,1
6627,2
6628,1
6629,2
6630,2
6631,2
6632,1
6633,2
6634,2
6635,2
6636,1
6637,2
6638,2
6639,1
6640,2
6641,1
6642,2
6643,1
6644,2
6645,2
6646,1
6647,1
6648,1
6649,2
6650,3
6651,3
6652,1
6653,2
6654,2
6655,2
6656,2
6657,1
6658,2
6659,1
6660,2
6661,2
6662,2
6663,2
6664,1
6665,2
6666,2
6667,2
6668,2
6669,2
6670,2
6671,2
6672,2
6673,1
6674,2
6675,3
6676,2
6677,1
6678,2
6679,1
6680,2
6681,1
6682,1
6683,2
6684,2
6685,2
6686,2
6687,1
6688,1
6689,1
6690,1
6691,2
6692,3
6693,2
6694,2
6695,2
6696,2
6697,2
6698,2
6699,2
6700,2
6701,1
6702,3
6703,2
6704,2
6705,2
6706,2
6707,2
6708,2
6709,3
6710,2
6711,1
6712,2
6713,2
6714,2
6715,1
6716,2
6717,1
6718,1
6719,2
6720,2
6721,2
6722,1
6723,2
6724,2
6725,2
6726,2
6727,2
6728,2
6729,3
6730,2
6731,3
6732,2
6733,2
6734,2
6735,2
6736,2
6737,2
6738,1
6739,2
6740,1
6741,1
6742,2
6743,2
6744,2
6745,2
6746,2
6747,2
6748,3
6749,2
6750,2
6751,2
6752,3
6753,2
6754,2
6755,2
6756,2
6757,2
6758,1
6759,3
6760,2
6761,2
6762,2
6763,1
6764,2
6765,3
6766,2
6767,2
6768,2
6769,1
6770,2
6771,1
6772,2
6773,1
6774,2
6775,3
6776,2
6777,3
6778,2
6779,3
6780,2
6781,2
6782,1
6783,2
6784,2
6785,2
6786,1
6787,2
6788,2
6789,2
6790,3
6791,2
6792,2
6793,1
6794,2
6795,1
6796,2
6797,2
6798,2
6799,2
6800,2
6801,2
6802,2
6803,2
6804,1
6805,2
6806,1
6807,2
6808,2
6809,2
6810,2
6811,2
6812,2
6813,2
6814,2
6815,1
6816,2
6817,2
6818,2
6819,1
6820,2
6821,2
6822,2
6823,2
6824,3
6825,2
6826,1
6827,2
6828,2
6829,2
6830,2
6831,2
6832,1
6833,2
6834,2
6835,1
6836,2
6837,2
6838,2
6839,2
6840,1
6841,1
6842,3
6843,2
6844,2
6845,2
6846,1
6847,1
6848,2
6849,2
6850,2
6851,1
6852,2
6853,2
6854,2
6855,2
6856,2
6857,2
6858,2
6859,1
6860,2
6861,2
6862,2
6863,2
6864,2
6865,2
6866,2
6867,1
6868,2
6869,3
6870,1
6871,2
6872,2
6873,2
6874,1
6875,2
6876,3
6877,2
6878,2
6879,1
6880,2
6881,2
6882,2
6883,2
6884,1
6885,2
6886,2
6887,2
6888,2
6889,2
6890,1
6891,2
6892,1
6893,2
6894,2
6895,1
6896,2
6897,2
6898,2
6899,2
6900,1
6901,2
6902,3
6903,2
6904,2
6905,1
6906,1
6907,3
6908,1
6909,1
6910,2
6911,1
6912,2
6913,1
6914,1
6915,3
6916,2
6917,3
6918,3
6919,2
6920,2
6921,2
6922,2
6923,1
6924,3
6925,2
6926,2
6927,3
6928,2
6929,2
6930,2
6931,2
6932,2
6933,1
6934,1
6935,2
6936,3
6937,1
6938,2
6939,2
6940,2
6941,2
6942,1
6943,2
6944,3
6945,1
6946,2
6947,2
6948,2
6949,2
6950,2
6951,2
6952,2
6953,1
6954,2
6955,2
6956,2
6957,2
6958,2
6959,2
6960,3
6961,2
6962,2
6963,2
6964,2
6965,1
6966,2
6967,1
6968,2
6969,2
6970,1
6971,2
6972,2
6973,2
6974,2
6975,2
6976,2
6977,2
6978,1
6979,3
6980,2
6981,2
6982,2
6983,2
6984,3
6985,2
6986,1
6987,2
6988,2
6989,2
6990,2
6991,2
6992,2
6993,2
6994,3
6995,1
6996,2
6997,2
6998,1
6999,2
7000,2
7001,2
7002,2
7003,1
7004,2
7005,2
7006,2
7007,2
7008,3
7009,2
7010,3
7011,2
7012,1
7013,1
7014,1
7015,2
7016,1
7017,2
7018,2
7019,2
7020,2
7021,1
7022,2
7023,2
7024,2
7025,3
7026,1
7027,1
7028,3
7029,2
7030,2
7031,2
7032,2
7033,2
7034,2
7035,1
7036,2
7037,3
7038,2
7039,3
7040,2
7041,2
7042,2
7043,2
7044,2
7045,2
7046,1
7047,2
7048,1
7049,1
7050,1
7051,2
7052,2
7053,2
7054,2
7055,1
7056,2
7057,3
7058,1
7059,2
7060,3
7061,3
7062,3
7063,1
7064,2
7065,2
7066,2
7067,2
7068,1
7069,2
7070,2
7071,2
7072,1
7073,2
7074,2
7075,1
7076,1
7077,2
7078,2
7079,2
7080,2
7081,1
7082,2
7083,2
7084,1
7085,2
7086,2
7087,1
7088,3
7089,2
7090,2
7091,1
7092,2
7093,3
7094,2
7095,2
7096,1
7097,3
7098,1
7099,2
7100,1
7101,2
7102,2
7103,2
7104,2
7105,1
7106,1
7107,2
7108,1
7109,1
7110,1
7111,1
7112,2
7113,2
7114,2
7115,2
7116,3
7117,2
7118,2
7119,1
7120,3
7121,2
7122,2
7123,2
7124,2
7125,1
7126,2
7127,2
7128,2
7129,2
7130,2
7131,1
7132,2
7133,2
7134,2
7135,2
7136,2
7137,2
7138,2
7139,2
7140,2
7141,2
7142,2
7143,2
7144,3
7145,2
7146,3
7147,2
7148,3
7149,2
7150,1
7151,1
7152,2
7153,2
7154,1
7155,2
7156,2
7157,2
7158,2
7159,3
7160,2
7161,1
7162,2
7163,2
7164,1
7165,2
7166,2
7167,1
7168,2
7169,2
7170,2
7171,2
7172,2
7173,2
7174,3
7175,1
7176,3
7177,2
7178,3
7179,2
7180,2
7181,2
7182,2
7183,2
7184,2
7185,3
7186,2
7187,2
7188,1
7189,2
7190,1
7191,2
7192,1
7193,1
7194,2
7195,2
7196,2
7197,2
7198,2
7199,3
7200,2
7201,2
7202,2
7203,2
7204,2
7205,3
7206,2
7207,2
7208,1
7209,2
7210,1
7211,2
7212,1
7213,1
7214,2
7215,2
7216,2
7217,2
7218,2
7219,3
7220,2
7221,2
7222,2
7223,1
7224,1
7225,2
7226,2
7227,2
7228,2
7229,2
7230,2
7231,2
7232,2
7233,2
7234,1
7235,2
7236,2
7237,1
7238,2
7239,1
7240,1
7241,2
7242,2
7243,2
7244,3
7245,2
7246,3
7247,2
7248,2
7249,2
7250,2
7251,2
7252,2
7253,3
7254,2
7255,2
7256,2
7257,2
7258,2
7259,3
7260,1
7261,2
7262,2
7263,2
7264,2
7265,3
7266,1
7267,1
7268,1
7269,2
7270,1
7271,2
7272,2
7273,2
7274,1
7275,3
7276,2
7277,3
7278,2
7279,2
7280,1
7281,1
7282,2
7283,2
7284,2
7285,3
7286,2
7287,2
7288,2
7289,2
7290,2
7291,2
7292,2
7293,2
7294,1
7295,2
7296,2
7297,2
7298,2
7299,2
7300,2
7301,2
7302,1
7303,2
7304,3
7305,1
7306,2
7307,2
7308,3
7309,2
7310,2
7311,2
7312,1
7313,1
7314,1
7315,1
7316,2
7317,2
7318,2
7319,1
7320,2
7321,1
7322,1
7323,1
7324,3
7325,1
7326,1
7327,3
7328,2
7329,2
7330,2
7331,2
7332,2
7333,2
7334,2
7335,2
7336,2
7337,1
7338,2
7339,3
7340,1
7341,2
7342,2
7343,1
7344,1
7345,1
7346,2
7347,2
7348,1
7349,1
7350,2
7351,2
7352,3
7353,2
7354,1
7355,2
7356,1
7357,2
7358,2
7359,2
7360,2
7361,3
7362,1
7363,3
7364,2
7365,2
7366,2
7367,1
7368,3
7369,3
7370,2
7371,2
7372,2
7373,2
7374,1
7375,1
7376,2
7377,2
7378,2
7379,2
7380,2
7381,2
7382,2
7383,1
7384,2
7385,2
7386,2
7387,3
7388,1
7389,2
7390,2
7391,2
7392,2
7393,3
7394,2
7395,2
7396,2
7397,2
7398,2
7399,1
7400,2
7401,2
7402,2
7403,3
7404,3
7405,3
7406,2
7407,2
7408,2
7409,2
7410,2
7411,2
7412,2
7413,1
7414,2
7415,1
7416,1
7417,2
7418,2
7419,2
7420,2
7421,2
7422,2
7423,2
7424,2
7425,2
7426,3
7427,2
7428,2
7429,2
7430,2
7431,1
7432,2
7433,2
7434,2
7435,3
7436,1
7437,2
7438,2
7439,2
7440,2
7441,2
7442,2
7443,2
7444,2
7445,2
7446,2
7447,2
7448,1
7449,2
7450,2
7451,2
7452,1
7453,3
7454,1
7455,2
7456,2
7457,2
7458,2
7459,2
7460,2
7461,2
7462,2
7463,1
7464,1
7465,2
7466,3
7467,2
7468,2
7469,2
7470,1
7471,1
7472,2
7473,1
7474,2
7475,2
7476,1
7477,2
7478,2
7479,2
7480,1
7481,2
7482,3
7483,2
7484,2
7485,2
7486,2
7487,2
7488,2
7489,2
7490,2
7491,2
7492,1
7493,2
7494,1
7495,2
7496,1
7497,3
7498,2
7499,2
7500,2
7501,3
7502,1
7503,3
7504,2
7505,2
7506,2
7507,2
7508,3
7509,2
7510,2
7511,2
7512,2
7513,2
7514,1
7515,2
7516,2
7517,2
7518,2
7519,2
7520,1
7521,2
7522,1
7523,2
7524,2
7525,2
7526,2
7527,3
7528,2
7529,1
7530,2
7531,2
7532,2
7533,2
7534,2
7535,1
7536,2
7537,3
7538,1
7539,2
7540,2
7541,2
7542,2
7543,3
7544,1
7545,1
7546,2
7547,2
7548,2
7549,2
7550,2
7551,1
7552,2
7553,1
7554,2
7555,2
7556,1
7557,1
7558,1
7559,2
7560,2
7561,2
7562,2
7563,1
7564,2
7565,1
7566,1
7567,2
7568,2
7569,2
7570,2
7571,1
7572,2
7573,1
7574,3
7575,2
7576,2
7577,2
7578,2
7579,2
7580,2
7581,2
7582,2
7583,2
7584,1
7585,2
7586,3
7587,1
7588,2
7589,2
7590,1
7591,2
7592,2
7593,3
7594,2
7595,2
7596,1
7597,1
7598,2
7599,2
7600,2
7601,3
7602,2
7603,1
7604,2
7605,1
7606,3
7607,2
7608,1
7609,2
7610,2
7611,2
7612,3
7613,2
7614,1
7615,1
7616,2
7617,1
7618,1
7619,2
7620,2
7621,2
7622,2
7623,2
7624,2
7625,2
7626,2
7627,1
7628,2
7629,2
7630,1
7631,2
7632,2
7633,1
7634,2
7635,2
7636,1
7637,2
7638,2
7639,1
7640,2
7641,2
7642,1
7643,2
7644,2
7645,3
7646,2
7647,2
7648,2
7649,2
7650,1
7651,2
7652,1
7653,1
7654,2
7655,1
7656,2
7657,2
7658,1
7659,2
7660,2
7661,3
7662,2
7663,2
7664,2
7665,2
7666,1
7667,2
7668,2
7669,2
7670,2
7671,3
7672,1
7673,2
7674,1
7675,1
7676,2
7677,2
7678,1
7679,2
7680,2
7681,2
7682,2
7683,1
7684,2
7685,2
7686,2
7687,2
7688,2
7689,3
7690,1
7691,1
7692,1
7693,3
7694,2
7695,1
7696,2
7697,2
7698,2
7699,1
7700,2
7701,2
7702,2
7703,2
7704,2
7705,1
7706,2
7707,1
7708,2
7709,3
7710,1
7711,1
7712,2
7713,2
7714,3
7715,2
7716,2
7717,2
7718,2
7719,2
7720,2
7721,2
7722,1
7723,3
7724,1
7725,2
7726,2
7727,3
7728,2
7729,2
7730,3
7731,1
7732,2
7733,2
7734,2
7735,1
7736,2
7737,3
7738,1
7739,2
7740,1
7741,2
7742,2
7743,2
7744,3
7745,2
7746,2
7747,2
7748,2
7749,2
7750,3
7751,2
7752,2
7753,2
7754,1
7755,1
7756,2
7757,2
7758,2
7759,2
7760,2
7761,1
7762,2
7763,2
7764,2
7765,1
7766,2
7767,2
7768,2
7769,3
7770,2
7771,1
7772,2
7773,2
7774,1
7775,2
7776,1
7777,1
7778,2
7779,2
7780,1
7781,1
7782,2
7783,2
7784,2
7785,2
7786,2
7787,1
7788,2
7789,2
7790,1
7791,3
7792,2
7793,2
7794,2
7795,2
7796,1
7797,1
7798,2
7799,2
7800,2
7801,2
7802,2
7803,2
7804,2
7805,1
7806,2
7807,2
7808,2
7809,2
7810,2
7811,2
7812,2
7813,1
7814,2
7815,2
7816,2
7817,1
7818,2
7819,2
7820,2
7821,2
7822,1
7823,2
7824,2
7825,1
7826,2
7827,2
7828,2
7829,2
7830,3
7831,1
7832,1
7833,3
7834,2
7835,1
7836,1
7837,1
7838,3
7839,2
7840,2
7841,2
7842,2
7843,2
7844,2
7845,2
7846,2
7847,1
7848,2
7849,2
7850,2
7851,2
7852,2
7853,1
7854,1
7855,3
7856,2
7857,2
7858,1
7859,2
7860,2
7861,1
7862,2
7863,3
7864,2
7865,3
7866,2
7867,2
7868,1
7869,2
7870,2
7871,1
7872,2
7873,2
7874,2
7875,2
7876,1
7877,1
7878,2
7879,2
7880,2
7881,2
7882,2
7883,2
7884,1
7885,2
7886,2
7887,3
7888,2
7889,3
7890,2
7891,2
7892,2
7893,2
7894,2
7895,2
7896,1
7897,2
7898,2
7899,2
7900,1
7901,2
7902,2
7903,1
7904,2
7905,2
7906,2
7907,2
7908,2
7909,2
7910,2
7911,3
7912,2
7913,1
7914,3
7915,2
7916,2
7917,1
7918,2
7919,2
7920,2
7921,2
7922,2
7923,3
7924,2
7925,2
7926,1
7927,2
7928,3
7929,3
7930,2
7931,2
7932,2
7933,2
7934,3
7935,1
7936,2
7937,2
7938,2
7939,2
7940,3
7941,1
7942,2
7943,2
7944,1
7945,2
7946,2
7947,2
7948,2
7949,2
7950,2
7951,1
7952,2
7953,1
7954,2
7955,1
7956,2
7957,2
7958,2
7959,2
7960,3
7961,2
7962,1
7963,2
7964,2
7965,1
7966,1
7967,2
7968,2
7969,2
7970,2
7971,2
7972,1
7973,2
7974,1
7975,3
7976,2
7977,2
7978,3
7979,1
7980,2
7981,3
7982,2
7983,3
7984,1
7985,2
7986,1
7987,1
7988,2
7989,1
7990,1
7991,2
7992,2
7993,2
7994,2
7995,2
7996,2
7997,2
7998,2
7999,2
8000,1
8001,2
8002,2
8003,2
8004,3
8005,3
8006,2
8007,2
8008,2
8009,2
8010,2
8011,2
8012,2
8013,1
8014,2
8015,2
8016,2
8017,2
8018,2
8019,2
8020,2
8021,2
8022,3
8023,2
8024,1
8025,2
8026,2
8027,2
8028,3
8029,2
8030,2
8031,2
8032,2
8033,3
8034,2
8035,2
8036,3
8037,2
8038,1
8039,2
8040,2
8041,2
8042,2
8043,2
8044,2
8045,2
8046,2
8047,2
8048,2
8049,2
8050,2
8051,2
8052,2
8053,2
8054,2
8055,1
8056,1
8057,2
8058,2
8059,2
8060,1
8061,2
8062,3
8063,2
8064,1
8065,1
8066,2
8067,3
8068,2
8069,2
8070,1
8071,2
8072,2
8073,2
8074,2
8075,1
8076,1
8077,2
8078,2
8079,2
8080,1
8081,2
8082,1
8083,2
8084,3
8085,2
8086,2
8087,1
8088,2
8089,1
8090,2
8091,2
8092,2
8093,2
8094,2
8095,2
8096,2
8097,2
8098,1
8099,2
8100,2
8101,2
8102,2
8103,2
8104,2
8105,1
8106,2
8107,2
8108,3
8109,2
8110,1
8111,1
8112,2
8113,2
8114,1
8115,2
8116,3
8117,2
8118,2
8119,2
8120,1
8121,2
8122,1
8123,2
8124,3
8125,2
8126,2
8127,2
8128,2
8129,2
8130,2
8131,1
8132,2
8133,2
8134,2
8135,2
8136,2
8137,2
8138,3
8139,2
8140,1
8141,2
8142,1
8143,2
8144,1
8145,1
8146,2
8147,1
8148,1
8149,2
8150,3
8151,1
8152,2
8153,2
8154,2
8155,2
8156,2
8157,2
8158,2
8159,2
8160,2
8161,3
8162,2
8163,1
8164,2
8165,2
8166,2
8167,2
8168,3
8169,1
8170,2
8171,2
8172,2
8173,2
8174,2
8175,2
8176,2
8177,2
8178,1
8179,1
8180,2
8181,2
8182,1
8183,2
8184,2
8185,2
8186,3
8187,1
8188,2
8189,2
8190,2
8191,2
8192,2
8193,1
8194,2
8195,2
8196,2
8197,2
8198,1
8199,2
8200,2
8201,2
8202,2
8203,2
8204,1
8205,2
8206,2
8207,2
8208,3
8209,2
8210,1
8211,2
8212,2
8213,1
8214,2
8215,1
8216,1
8217,1
8218,2
8219,1
8220,3
8221,2
8222,2
8223,2
8224,2
8225,2
8226,2
8227,2
8228,1
8229,2
8230,1
8231,2
8232,2
8233,3
8234,2
8235,2
8236,1
8237,2
8238,2
8239,2
8240,1
8241,2
8242,1
8243,1
8244,2
8245,2
8246,2
8247,1
8248,2
8249,1
8250,2
8251,2
8252,2
8253,1
8254,1
8255,3
8256,2
8257,3
8258,2
8259,1
8260,2
8261,2
8262,1
8263,2
8264,2
8265,3
8266,2
8267,1
8268,2
8269,2
8270,2
8271,2
8272,2
8273,2
8274,3
8275,2
8276,2
8277,2
8278,2
8279,1
8280,2
8281,1
8282,2
8283,2
8284,2
8285,2
8286,2
8287,2
8288,3
8289,2
8290,1
8291,2
8292,2
8293,2
8294,1
8295,1
8296,2
8297,2
8298,2
8299,2
8300,2
8301,2
8302,1
8303,2
8304,2
8305,2
8306,3
8307,1
8308,2
8309,1
8310,1
8311,1
8312,2
8313,2
8314,2
8315,2
8316,1
8317,1
8318,1
8319,2
8320,1
8321,2
8322,1
8323,2
8324,2
8325,1
8326,2
8327,2
8328,2
8329,2
8330,1
8331,1
8332,1
8333,2
8334,2
8335,2
8336,1
8337,1
8338,2
8339,1
8340,1
8341,2
8342,1
8343,2
8344,2
8345,3
8346,1
8347,2
8348,3
8349,2
8350,2
8351,2
8352,1
8353,2
8354,2
8355,2
8356,1
8357,1
8358,3
8359,2
8360,2
8361,1
8362,3
8363,2
8364,2
8365,1
8366,1
8367,2
8368,2
8369,2
8370,3
8371,2
8372,2
8373,3
8374,2
8375,1
8376,2
8377,2
8378,1
8379,3
8380,2
8381,2
8382,3
8383,2
8384,1
8385,2
8386,2
8387,3
8388,2
8389,1
8390,2
8391,2
8392,2
8393,2
8394,2
8395,2
8396,2
8397,2
8398,2
8399,2
8400,1
8401,1
8402,2
8403,2
8404,2
8405,1
8406,2
8407,1
8408,2
8409,2
8410,1
8411,1
8412,1
8413,2
8414,2
8415,2
8416,2
8417,2
8418,3
8419,2
8420,1
8421,2
8422,2
8423,2
8424,3
8425,2
8426,2
8427,1
8428,3
8429,2
8430,2
8431,2
8432,2
8433,3
8434,2
8435,2
8436,2
8437,1
8438,2
8439,2
8440,1
8441,2
8442,2
8443,2
8444,2
8445,2
8446,2
8447,2
8448,1
8449,2
8450,2
8451,2
8452,2
8453,2
8454,1
8455,1
8456,1
8457,2
8458,2
8459,2
8460,2
8461,2
8462,2
8463,2
8464,3
8465,2
8466,2
8467,1
8468,2
8469,2
8470,1
8471,2
8472,2
8473,2
8474,2
8475,1
8476,2
8477,1
8478,3
8479,1
8480,1
8481,1
8482,1
8483,3
8484,1
8485,2
8486,2
8487,2
8488,2
8489,2
8490,2
8491,2
8492,1
8493,2
8494,2
8495,2
8496,2
8497,2
8498,3
8499,2
8500,2
8501,2
8502,2
8503,1
8504,2
8505,2
8506,2
8507,3
8508,1
8509,2
8510,3
8511,3
8512,1
8513,2
8514,2
8515,2
8516,2
8517,1
8518,1
8519,2
8520,1
8521,2
8522,1
8523,2
8524,2
8525,2
8526,3
8527,2
8528,2
8529,2
8530,1
8531,2
8532,1
8533,3
8534,2
8535,2
8536,1
8537,2
8538,2
8539,3
8540,2
8541,2
8542,2
8543,2
8544,2
8545,2
8546,2
8547,2
8548,1
8549,2
8550,2
8551,2
8552,2
8553,2
8554,2
8555,1
8556,2
8557,2
8558,2
8559,2
8560,1
8561,1
8562,1
8563,2
8564,2
8565,2
8566,3
8567,2
8568,3
8569,2
8570,3
8571,1
8572,2
8573,2
8574,1
8575,2
8576,2
8577,2
8578,2
8579,2
8580,2
8581,3
8582,2
8583,2
8584,3
8585,2
8586,1
8587,2
8588,1
8589,1
8590,2
8591,2
8592,2
8593,3
8594,2
8595,1
8596,2
8597,2
8598,1
8599,2
8600,2
8601,2
8602,2
8603,2
8604,2
8605,2
8606,2
8607,1
8608,1
8609,2
8610,1
8611,2
8612,1
8613,1
8614,2
8615,2
8616,2
8617,1
8618,2
8619,2
8620,2
8621,2
8622,1
8623,3
8624,2
8625,2
8626,2
8627,2
8628,2
8629,2
8630,2
8631,2
8632,2
8633,2
8634,2
8635,1
8636,2
8637,1
8638,1
8639,2
8640,1
8641,2
8642,1
8643,3
8644,2
8645,2
8646,3
8647,1
8648,2
8649,3
8650,2
8651,2
8652,2
8653,2
8654,1
8655,2
8656,2
8657,2
8658,1
8659,2
8660,2
8661,2
8662,2
8663,2
8664,2
8665,2
8666,2
8667,1
8668,2
8669,2
8670,2
8671,2
8672,2
8673,2
8674,1
8675,1
8676,2
8677,2
8678,1
8679,2
8680,2
8681,2
8682,2
8683,2
8684,2
8685,2
8686,2
8687,2
8688,1
8689,3
8690,1
8691,2
8692,2
8693,2
8694,2
8695,3
8696,3
8697,2
8698,2
8699,2
8700,1
8701,1
8702,2
8703,2
8704,1
8705,2
8706,2
8707,2
8708,2
8709,2
8710,2
8711,1
8712,1
8713,2
8714,2
8715,1
8716,1
8717,2
8718,2
8719,2
8720,1
8721,2
8722,1
8723,2
8724,2
8725,2
8726,2
8727,2
8728,1
8729,2
8730,2
8731,2
8732,1
8733,2
8734,1
8735,1
8736,2
8737,2
8738,2
8739,2
8740,2
8741,1
8742,1
8743,2
8744,2
8745,2
8746,2
8747,2
8748,2
8749,1
8750,2
8751,2
8752,2
8753,3
8754,2
8755,2
8756,2
8757,2
8758,2
8759,2
8760,3
8761,2
8762,1
8763,2
8764,3
8765,2
8766,3
8767,2
8768,2
8769,3
8770,1
8771,2
8772,2
8773,2
8774,2
8775,2
8776,2
8777,1
8778,2
8779,2
8780,2
8781,1
8782,2
8783,2
8784,2
8785,2
8786,2
8787,2
8788,2
8789,1
8790,2
8791,2
8792,2
8793,2
8794,2
8795,2
8796,2
8797,2
8798,3
8799,2
8800,1
8801,2
8802,2
8803,1
8804,1
8805,1
8806,2
8807,2
8808,2
8809,2
8810,2
8811,1
8812,1
8813,2
8814,2
8815,1
8816,2
8817,2
8818,2
8819,1
8820,2
8821,3
8822,1
8823,2
8824,2
8825,2
8826,2
8827,2
8828,2
8829,2
8830,2
8831,2
8832,1
8833,2
8834,3
8835,2
8836,2
8837,1
8838,1
8839,1
8840,2
8841,2
8842,2
8843,2
8844,1
8845,3
8846,2
8847,2
8848,2
8849,2
8850,2
8851,2
8852,2
8853,2
8854,2
8855,2
8856,3
8857,2
8858,1
8859,1
8860,2
8861,1
8862,1
8863,2
8864,2
8865,2
8866,3
8867,2
8868,3
8869,2
8870,2
8871,1
8872,2
8873,2
8874,3
8875,2
8876,2
8877,2
8878,2
8879,2
8880,3
8881,2
8882,2
8883,2
8884,1
8885,2
8886,2
8887,1
8888,2
8889,2
8890,3
8891,2
8892,2
8893,2
8894,1
8895,3
8896,2
8897,2
8898,1
8899,3
8900,3
8901,3
8902,1
8903,2
8904,2
8905,2
8906,1
8907,2
8908,2
8909,2
8910,1
8911,2
8912,1
8913,1
8914,1
8915,2
8916,2
8917,1
8918,2
8919,2
8920,2
8921,2
8922,1
8923,2
8924,2
8925,2
8926,2
8927,2
8928,2
8929,1
8930,2
8931,2
8932,2
8933,2
8934,1
8935,2
8936,1
8937,2
8938,2
8939,2
8940,1
8941,3
8942,2
8943,1
8944,1
8945,2
8946,2
8947,2
8948,2
8949,2
8950,2
8951,2
8952,1
8953,2
8954,2
8955,3
8956,3
8957,1
8958,2
8959,2
8960,2
8961,2
8962,2
8963,2
8964,2
8965,2
8966,2
8967,2
8968,2
8969,2
8970,2
8971,2
8972,2
8973,2
8974,3
8975,2
8976,2
8977,3
8978,2
8979,3
8980,1
8981,1
8982,2
8983,2
8984,1
8985,2
8986,2
8987,3
8988,2
8989,2
8990,1
8991,3
8992,1
8993,2
8994,2
8995,2
8996,2
8997,2
8998,1
8999,2
9000,2
9001,2
9002,1
9003,2
9004,2
9005,2
9006,1
9007,1
9008,2
9009,2
9010,3
9011,2
9012,1
9013,1
9014,1
9015,2
9016,2
9017,2
9018,1
9019,1
9020,2
9021,2
9022,2
9023,2
9024,2
9025,2
9026,2
9027,1
9028,2
9029,2
9030,3
9031,3
9032,2
9033,1
9034,3
9035,3
9036,1
9037,2
9038,2
9039,2
9040,2
9041,2
9042,2
9043,2
9044,2
9045,2
9046,2
9047,1
9048,1
9049,3
9050,3
9051,2
9052,1
9053,2
9054,2
9055,2
9056,2
9057,2
9058,1
9059,1
9060,2
9061,1
9062,2
9063,3
9064,2
9065,2
9066,3
9067,1
9068,2
9069,2
9070,2
9071,2
9072,2
9073,2
9074,2
9075,2
9076,2
9077,2
9078,2
9079,2
9080,2
9081,2
9082,2
9083,1
9084,1
9085,2
9086,2
9087,2
9088,1
9089,2
9090,2
9091,2
9092,2
9093,2
9094,2
9095,2
9096,2
9097,2
9098,2
9099,1
9100,2
9101,2
9102,1
9103,2
9104,1
9105,2
9106,2
9107,3
9108,2
9109,1
9110,2
9111,2
9112,2
9113,2
9114,1
9115,2
9116,2
9117,2
9118,2
9119,2
9120,2
9121,2
9122,2
9123,2
9124,2
9125,1
9126,2
9127,2
9128,2
9129,2
9130,3
9131,3
9132,2
9133,1
9134,2
9135,1
9136,3
9137,2
9138,1
9139,3
9140,3
9141,2
9142,2
9143,2
9144,2
9145,2
9146,2
9147,2
9148,2
9149,1
9150,2
9151,1
9152,2
9153,2
9154,1
9155,3
9156,1
9157,1
9158,1
9159,3
9160,2
9161,2
9162,1
9163,2
9164,3
9165,2
9166,3
9167,2
9168,2
9169,2
9170,3
9171,2
9172,2
9173,2
9174,2
9175,2
9176,2
9177,2
9178,2
9179,2
9180,2
9181,2
9182,1
9183,2
9184,2
9185,2
9186,2
9187,2
9188,2
9189,2
9190,2
9191,2
9192,1
9193,2
9194,2
9195,2
9196,2
9197,3
9198,1
9199,2
9200,2
9201,2
9202,1
9203,2
9204,1
9205,2
9206,2
9207,2
9208,2
9209,1
9210,2
9211,2
9212,2
9213,2
9214,2
9215,2
9216,1
9217,2
9218,2
9219,1
9220,2
9221,2
9222,2
9223,2
9224,1
9225,2
9226,2
9227,1
9228,2
9229,1
9230,2
9231,2
9232,1
9233,2
9234,2
9235,2
9236,2
9237,1
9238,1
9239,1
9240,1
9241,2
9242,3
9243,2
9244,2
9245,3
9246,2
9247,2
9248,2
9249,2
9250,1
9251,2
9252,1
9253,2
9254,2
9255,1
9256,2
9257,2
9258,2
9259,2
9260,2
9261,2
9262,2
9263,1
9264,2
9265,2
9266,2
9267,2
9268,2
9269,2
9270,1
9271,2
9272,2
9273,2
9274,1
9275,2
9276,2
9277,1
9278,2
9279,2
9280,2
9281,2
9282,2
9283,2
9284,3
9285,2
9286,1
9287,2
9288,2
9289,2
9290,2
9291,2
9292,2
9293,2
9294,1
9295,2
9296,2
9297,2
9298,1
9299,1
9300,3
9301,2
9302,2
9303,2
9304,1
9305,2
9306,2
9307,2
9308,1
9309,2
9310,2
9311,2
9312,2
9313,1
9314,2
9315,2
9316,2
9317,2
9318,2
9319,3
9320,2
9321,2
9322,2
9323,3
9324,2
9325,3
9326,2
9327,1
9328,2
9329,2
9330,2
9331,2
9332,2
9333,2
9334,2
9335,2
9336,3
9337,2
9338,3
9339,2
9340,2
9341,1
9342,1
9343,2
9344,1
9345,2
9346,2
9347,2
9348,2
9349,2
9350,2
9351,2
9352,2
9353,2
9354,3
9355,2
9356,2
9357,3
9358,2
9359,1
9360,2
9361,2
9362,2
9363,2
9364,2
9365,1
9366,2
9367,2
9368,3
9369,1
9370,2
9371,3
9372,1
9373,2
9374,2
9375,2
9376,2
9377,2
9378,1
9379,1
9380,2
9381,2
9382,2
9383,3
9384,2
9385,1
9386,1
9387,1
9388,2
9389,2
9390,3
9391,3
9392,2
9393,2
9394,2
9395,3
9396,1
9397,3
9398,1
9399,3
9400,1
9401,2
9402,2
9403,1
9404,2
9405,2
9406,2
9407,2
9408,2
9409,1
9410,2
9411,2
9412,2
9413,2
9414,2
9415,1
9416,2
9417,2
9418,2
9419,2
9420,1
9421,1
9422,2
9423,2
9424,2
9425,1
9426,2
9427,1
9428,2
9429,3
9430,1
9431,2
9432,3
9433,2
9434,1
9435,2
9436,2
9437,1
9438,2
9439,2
9440,2
9441,2
9442,2
9443,2
9444,2
9445,1
9446,2
9447,2
9448,2
9449,2
9450,2
9451,2
9452,2
9453,2
9454,2
9455,2
9456,2
9457,2
9458,2
9459,1
9460,2
9461,2
9462,2
9463,2
9464,2
9465,3
9466,2
9467,1
9468,2
9469,2
9470,1
9471,2
9472,2
9473,2
9474,2
9475,2
9476,1
9477,2
9478,2
9479,1
9480,2
9481,2
9482,2
9483,3
9484,2
9485,2
9486,2
9487,2
9488,2
9489,2
9490,2
9491,2
9492,3
9493,1
9494,3
9495,2
9496,2
9497,2
9498,2
9499,2
9500,1
9501,2
9502,2
9503,2
9504,2
9505,2
9506,2
9507,1
9508,2
9509,1
9510,2
9511,2
9512,2
9513,2
9514,2
9515,2
9516,2
9517,1
9518,2
9519,2
9520,1
9521,2
9522,2
9523,3
9524,1
9525,2
9526,2
9527,2
9528,2
9529,2
9530,2
9531,2
9532,1
9533,1
9534,2
9535,2
9536,2
9537,2
9538,2
9539,2
9540,2
9541,2
9542,2
9543,2
9544,2
9545,2
9546,3
9547,1
9548,2
9549,1
9550,2
9551,1
9552,2
9553,2
9554,2
9555,2
9556,2
9557,3
9558,2
9559,1
9560,2
9561,2
9562,1
9563,2
9564,2
9565,2
9566,2
9567,2
9568,2
9569,2
9570,2
9571,2
9572,1
9573,2
9574,2
9575,3
9576,2
9577,2
9578,2
9579,1
9580,2
9581,2
9582,2
9583,1
9584,1
9585,2
9586,2
9587,2
9588,1
9589,2
9590,2
9591,3
9592,2
9593,2
9594,1
9595,2
9596,2
9597,1
9598,1
9599,3
9600,2
9601,2
9602,1
9603,1
9604,2
9605,2
9606,1
9607,1
9608,2
9609,2
9610,2
9611,1
9612,1
9613,3
9614,3
9615,1
9616,2
9617,2
9618,2
9619,2
9620,2
9621,1
9622,2
9623,2
9624,2
9625,1
9626,2
9627,2
9628,2
9629,1
9630,2
9631,2
9632,2
9633,2
9634,2
9635,2
9636,2
9637,2
9638,2
9639,2
9640,2
9641,1
9642,2
9643,2
9644,2
9645,2
9646,2
9647,1
9648,1
9649,1
9650,3
9651,2
9652,2
9653,2
9654,2
9655,3
9656,2
9657,2
9658,2
9659,2
9660,1
9661,2
9662,3
9663,2
9664,2
9665,1
9666,2
9667,3
9668,2
9669,2
9670,1
9671,1
9672,2
9673,1
9674,2
9675,2
9676,2
9677,2
9678,2
9679,2
9680,1
9681,2
9682,3
9683,1
9684,2
9685,2
9686,2
9687,2
9688,2
9689,2
9690,2
9691,1
9692,2
9693,1
9694,1
9695,2
9696,2
9697,1
9698,2
9699,2
9700,2
9701,2
9702,2
9703,1
9704,2
9705,2
9706,2
9707,2
9708,2
9709,1
9710,2
9711,2
9712,2
9713,2
9714,2
9715,2
9716,1
9717,3
9718,2
9719,2
9720,2
9721,2
9722,2
9723,1
9724,3
9725,1
9726,3
9727,2
9728,2
9729,1
9730,2
9731,3
9732,2
9733,1
9734,1
9735,2
9736,2
9737,2
9738,2
9739,1
9740,2
9741,1
9742,2
9743,2
9744,2
9745,2
9746,1
9747,2
9748,2
9749,2
9750,2
9751,2
9752,1
9753,1
9754,2
9755,2
9756,2
9757,1
9758,2
9759,2
9760,2
9761,2
9762,1
9763,2
9764,2
9765,2
9766,2
9767,2
9768,2
9769,2
9770,2
9771,2
9772,2
9773,2
9774,3
9775,1
9776,2
9777,3
9778,1
9779,2
9780,1
9781,2
9782,1
9783,2
9784,2
9785,1
9786,2
9787,2
9788,2
9789,1
9790,2
9791,2
9792,1
9793,2
9794,2
9795,1
9796,2
9797,2
9798,2
9799,2
9800,1
9801,1
9802,2
9803,2
9804,1
9805,3
9806,2
9807,2
9808,2
9809,1
9810,2
9811,1
9812,2
9813,2
9814,2
9815,3
9816,2
9817,1
9818,2
9819,1
9820,2
9821,2
9822,2
9823,2
9824,1
9825,2
9826,2
9827,1
9828,2
9829,2
9830,2
9831,2
9832,2
9833,2
9834,2
9835,2
9836,2
9837,2
9838,2
9839,2
9840,2
9841,2
9842,2
9843,2
9844,2
9845,3
9846,2
9847,2
9848,2
9849,1
9850,1
9851,1
9852,2
9853,1
9854,1
9855,2
9856,1
9857,2
9858,2
9859,1
9860,2
9861,2
9862,1
9863,1
9864,2
9865,1
9866,1
9867,1
9868,2
9869,2
9870,2
9871,1
9872,2
9873,1
9874,2
9875,2
9876,2
9877,1
9878,2
9879,2
9880,2
9881,3
9882,1
9883,2
9884,1
9885,2
9886,1
9887,2
9888,2
9889,2
9890,2
9891,2
9892,3
9893,3
9894,2
9895,2
9896,2
9897,2
9898,3
9899,3
9900,1
9901,2
9902,1
9903,1
9904,2
9905,1
9906,1
9907,2
9908,2
9909,1
9910,1
9911,2
9912,1
9913,2
9914,2
9915,2
9916,2
9917,3
9918,1
9919,2
9920,1
9921,1
9922,2
9923,1
9924,1
9925,2
9926,2
9927,3
9928,2
9929,2
9930,1
9931,2
9932,2
9933,2
9934,2
9935,2
9936,2
9937,1
9938,1
9939,2
9940,2
9941,2
9942,2
9943,2
9944,2
9945,2
9946,2
9947,2
9948,1
9949,3
9950,2
9951,2
9952,2
9953,1
9954,2
9955,2
9956,3
9957,2
9958,2
9959,2
9960,2
9961,1
9962,2
9963,3
9964,1
9965,2
9966,2
9967,2
9968,1
9969,2
9970,1
9971,2
9972,2
9973,2
9974,2
9975,2
9976,2
9977,2
9978,2
9979,1
9980,1
9981,2
9982,1
9983,1
9984,2
9985,2
9986,3
9987,2
9988,2
9989,2
9990,2
9991,1
9992,3
9993,2
9994,2
9995,3
9996,2
9997,2
9998,2
9999,2
10000,1
